BSS — HyperKitchen/CakeZone SKU → ERP Item mapping,,,,,,,,,,,,
"No numeric key exists (HK Sku/Id ≠ ERP Shopify SKU) → matched by product name. REVIEW col E, then col J 'HK SKU to write' becomes the custom_hk_sku import.",,,,,,,,,,,,
,,,,,,,,,,,,
HK Id,Brand / Category,HK SKU,HK Product Name,Match quality,Score,ERP Item Code,ERP Item Name,ERP Shopify SKU,HK SKU to write,Size/qty check,Top full-catalog candidates,
10306768,Bombay Sweet Shop,11270,#_# Assorted Mithai (Box of 3) - BSS,REVIEW — SIZE/QTY MISMATCH,95,"MITH-ASM-3PCS this will come on ERRP soon let it be for now with this name only, so leave it as it is. ",Assorted Mithai Box of 9,MITH-ASM-9PCS,11270,pcs/box: HK=[3] vs ERP=[9],MITH-ASM-9PCS=Assorted Mithai Box of 9 (95) | MITH-ASM-18PCS=Assorted Mithai Box of 18 (93) | BSS-1473=ASSORTED MITHAI - BOX OF 4 (RTS) (88),MITH-ASM-MNG-3 PC
15959007,Bombay Sweet Shop,14982,#_# Roasted Makhana & Peanut Till Chikki - 50g - BSS,REVIEW — SIZE/QTY MISMATCH,88,CHIK-MAK-50GM,Roasted Makhana & Peanut Chikki (100g)-Pack of 1,CHIK-MAK-100GM,14982,g: HK=[50] vs ERP=[100],CHIK-MAK-50GM=Roasted Makhana & Peanut Chikki (50g)-Pack of 1 (92) | BSS-4407=Roasted Makhana & Peanut Chikki (100g) (88) | BSS-1922=BOX - ROASTED MAKHANA & PEANUT CHIKKI 50GMS (85),
22244546,Bombay Sweet Shop,20458,#_# Aamras Passion Fruit Lassi - BSS,STRONG (shopify catalog),100,FRE-AAM-LASSI-ML,Aamras Passion Fruit Lassi,FRE-AAM-LASSI-ML,20458,,FRE-AAM-LASSI-ML=Aamras Passion Fruit Lassi (100) | BSS-4311=STICKER - AAMRAS PASSION FRUIT LASSI (2026) (80) | BSS-4248=AAMRAS PASSIONFRUIT LASSI (78),
10306458,Bombay Sweet Shop,9639,#_# Assorted Mithai (Box of 9) - BSS,STRONG (shopify catalog),100,MITH-ASM-9PCS,Assorted Mithai Box of 9,MITH-ASM-9PCS,9639,,MITH-ASM-9PCS=Assorted Mithai Box of 9 (100) | MITH-ASM-18PCS=Assorted Mithai Box of 18 (93) | PRODUCT449553=Assorted Holi Mithai-Box of 9 (90),
10306465,Bombay Sweet Shop,9640,#_# Assorted Mithai Box (Box of 18) - BSS,STRONG (shopify catalog),92,MITH-ASM-18PCS,Assorted Mithai Box of 18,MITH-ASM-18PCS,9640,,MITH-ASM-18PCS=Assorted Mithai Box of 18 (92) | PRODUCT449554=Assorted Holi Mithai-Box of 18 (91) | MITH-ASM-9PCS=Assorted Mithai Box of 9 (86),
20405389,Bombay Sweet Shop,18888,#_# Bhakarwadi Dates Kachori - BSS,"STRONG (full catalog, no Shopify SKU)",100,NAMK-BD-KACHORI-130GM,Bhakarwadi Dates Kachori,,18888,,Bhakarwadi Dates Kachori=Bhakarwadi Dates Kachori (100) | BSS-3574=READY - BHAKARWADI DATES KACHORI 130GM (80) | BSS-2671=STICKER - BHAKARWADI DATES KACHORI ( FOP) 2025 (73),
10306521,Bombay Sweet Shop,9650,#_# Bombay Bhel Chikki Bar (90g) - BSS,STRONG (shopify catalog),91,CHIK-BB-90GM,Bombay Bhel Chikki (90g)-Pack of 1,CHIK-BB-90GM,9650,,BSS-4410=Bombay Bhel Chikki (90g) (91) | BSS-1515=BOMBAY BHEL CHIKKI BAR 90GMS ( RTS ) (89) | BSS-4286=REPACK BOMBAY BHEL CHIKKI BAR 90GMS (85),
21746398,Bombay Sweet Shop,19981,#_# Bombay Corn Chivda 200gms - BSS,"STRONG (full catalog, no Shopify SKU)",95,NAMK-BOM-CORN -200GM,Bombay Corn Chivda (200g),,19981,,Bombay Corn Chivda (200g)=Bombay Corn Chivda (200g) (95) | Bombay Corn Chivda (70g)=Bombay Corn Chivda (70g) (89) | BSS-1758=BOMBAY CORN CHIVDA (83),
19917424,Bombay Sweet Shop,18457,#_# Bombay Corn Chivda 70gms - BSS,"STRONG (full catalog, no Shopify SKU)",95,NAMK-BOM-CORN-70GM,Bombay Corn Chivda (70g),,18457,,Bombay Corn Chivda (70g)=Bombay Corn Chivda (70g) (95) | Bombay Corn Chivda (200g)=Bombay Corn Chivda (200g) (89) | BSS-1758=BOMBAY CORN CHIVDA (85),
10306472,Bombay Sweet Shop,9641,#_# Bombay's 3-Layer Chocolate Fudge (Classic) - BSS,"STRONG (full catalog, no Shopify SKU)",100,FUD-CLS-145GM-001,Bombay's 3-Layer Chocolate Fudge-Classic,,9641,,FUD-CLS-145GM-001=Bombay's 3-Layer Chocolate Fudge-Classic (100) | Bombay's 3-Layer Chocolate Fudge=Bombay's 3-Layer Chocolate Fudge (88) | PRODUCT425818=Chocolate Fudge Modak - Box of 9 (62),
10306500,Bombay Sweet Shop,9646,#_# Chilli Cheese Bhujia - BSS,STRONG (shopify catalog),88,COMB-046,Chilli Cheese Bhujia (225g)-Pack of 3,COMB-046,9646,,BSS-1508=CHILI CHEESE BHUJIYA (95) | Chilli Cheese Bhujia (225g)=Chilli Cheese Bhujia (225g) (88) | Chilli Cheese Bhujia Mini (90g)=Chilli Cheese Bhujia Mini (90g) (81),
10306726,Bombay Sweet Shop,10977,#_# Chilli Cheese Bhujia Mini (90g) - BSS,STRONG (shopify catalog),100,COMB-047,Chilli Cheese Bhujia Mini (90g)-Pack of 3,COMB-047,10977,,Chilli Cheese Bhujia Mini (90g)=Chilli Cheese Bhujia Mini (90g) (100) | BSS-1620=CHILLI CHEESE BHUJIA 90 GMS (RTS) (83) | Chilli Cheese Bhujia (225g)=Chilli Cheese Bhujia (225g) (81),
12846136,Bombay Sweet Shop,13243,#_# Choco Butterscotch Barks (300g) In Gift Box - BSS,STRONG (shopify catalog),100,BARK-CB-300GM,Choco Butterscotch Barks (300g) in Gift Box,BARK-CB-300GM,13243,,BARK-CB-300GM=Choco Butterscotch Barks (300g) in Gift Box (100) | BARK-CB-200GM=Choco Butterscotch Barks (200g)-Pack of 1 (80) | BSS-0458=STICKER - CHOCOLATE BUTTERSCOTCH BARKS BOP 90GMS (75),
10306493,Bombay Sweet Shop,9645,#_# Chocolate Butter Cookies - BSS,STRONG (shopify catalog),100,COMB-031,Chocolate Butter Cookies-Pack of 3,COMB-031,9645,,Chocolate Butter Cookies=Chocolate Butter Cookies (100) | BSS-1532=CHOCOLATE BUTTER COOKIES (RTS) (92) | BSS - 01 TEST=CHOCOLATE BUTTER COOKIES- RTS TEST (84),
10846755,Bombay Sweet Shop,11916,#_# Coffee Rasgulla Tiramisu - BSS,STRONG (shopify catalog),100,FRE-CRT-200GM-001,Coffee Rasgulla Tiramisu,FRE-CRT-200GM-001,11916,,BSS-1822=COFFEE RASGULLA TIRAMISU (100) | BSS-1813=COFFEE RASGULLA TIRAMISU (RTS) (92) | BSS-3728=COFFEE SYRUP FOR TIRAMISU (77),
17852748,Bombay Sweet Shop,16861,#_# Dark Chocolate Aam Bar - BSS,STRONG (shopify catalog),100,CHO-O-DCAB-50GM-001,Dark Chocolate Aam Bar,CHO-O-DCAB-50GM-001,16861,,CHO-O-DCAB-50GM-001=Dark Chocolate Aam Bar (100) | BSS-4364=2M DARK CHOCOLATE 72% (80) | BSS-1806=DARK CHOCOLATE COFFEE BARFI (73),
17852779,Bombay Sweet Shop,16862,#_# Dark Chocolate Mango Toffee - BSS,STRONG (shopify catalog),100,CHO-O-DCMT-75GM-001,Dark Chocolate Mango Toffee,CHO-O-DCMT-75GM-001,16862,,BSS-2711=DARK CHOCOLATE MANGO TOFFEE (100) | BSS-2742=DARK CHOCOLATE MANGO TOFFEE (RTS) (93) | BSS-4024=DARK CHOCOLATE MOUSSE (75),
22163837,Bombay Sweet Shop,20369,#_# Dry Fruit Bites - BSS,STRONG (shopify catalog),100,NUT-BITES-120GM-015,Dry Fruit Bites,NUT-BITES-120GM-015,20369,,NUT-BITES-120GM-015=Dry Fruit Bites (100) | Dry Fruit Burfi Box=Dry Fruit Burfi Box (70) | BSS-3256=BREAD FRUITS (66),
11057116,Bombay Sweet Shop,11995,#_# Guilt-Free Sweet Treats - Box of 3 - BSS,STRONG (shopify catalog),100,MITH-ASGF-3PCS,Guilt-free Sweet Treats - Box of 3,MITH-ASGF-3PCS,11995,,MITH-ASGF-3PCS=Guilt-free Sweet Treats - Box of 3 (100) | MITH-ASGF-9PCS=Guilt-free Sweet Treats - Box of 9 (96) | MITH-020-9PCS=Guilt-free Sweet Treats - Kaju Gud Barfi - Box of 9 (78),
15944643,Bombay Sweet Shop,9649,#_# Guilt-Free Sweet Treats - Box of 9 - BSS,STRONG (shopify catalog),100,MITH-ASGF-9PCS,Guilt-free Sweet Treats - Box of 9,MITH-ASGF-9PCS,9649,,MITH-ASGF-9PCS=Guilt-free Sweet Treats - Box of 9 (100) | MITH-ASGF-3PCS=Guilt-free Sweet Treats - Box of 3 (96) | MITH-020-9PCS=Guilt-free Sweet Treats - Kaju Gud Barfi - Box of 9 (81),
20042528,Bombay Sweet Shop,18583,#_# Himalayan Pink Salt Cashews - BSS,STRONG (shopify catalog),100,NUT-100GM-005,Himalayan Pink Salt Cashews,NUT-100GM-005,18583,,NUT-100GM-005=Himalayan Pink Salt Cashews (100) | BSS-3492=HIMALAYAN PINK SALT CASHEWS 50 GMS (88) | BSS-3082=HIMALAYAN PINK SALTED CASHEWS 100GMS (85),
10306486,Bombay Sweet Shop,9644,#_# Indian Cookies - BSS,"STRONG (full catalog, no Shopify SKU)",100,COMB-032,Indian Cookies-Pack of 3,,9644,,COMB-032=Indian Cookies-Pack of 3 (100) | BSS-1491=READY - INDIAN COOKIE TIN (70) | BSS-0457=STICKER - INDIAN COOKIE BOP (66),
20041565,Bombay Sweet Shop,18580,#_# Kimchi Popped Chips - BSS,STRONG (shopify catalog),100,COMB-102,Kimchi Popped Chips-Pack of 3,COMB-102,18580,,COMB-102=Kimchi Popped Chips-Pack of 3 (100) | BSS-3094=KIMCHI CHICKPEA POPPED CHIPS (80) | BSS-3419=KIMCHI POPPED CHIPS 30GM - RTS (80),
10306579,Bombay Sweet Shop,9696,#_# Large Green Gift Bag - BSS,STRONG (shopify catalog),100,PKG-BAG-006,Large Green Gift Bag,PKG-BAG-006,9696,,PKG-BAG-006=Large Green Gift Bag (100) | BSS-0337=BAG - LARGE GREEN GIFT BAG (90) | PKG-BAG-005=Small Red Gift Bag (68),
22152652,Bombay Sweet Shop,20359,#_# Mango Ghevar - BSS,STRONG (shopify catalog),100,FRE-MNG-GVR-GM-001,Mango Ghevar,FRE-MNG-GVR-GM-001,20359,,FRE-MNG-GVR-GM-001=Mango Ghevar (100) | BSS-4189=MANGO GHEVAR - 2026 (82) | BSS-0164=MANGO GINGER (75),
12105194,Bombay Sweet Shop,12940,#_# Mango Kalakand Cheesecake - BSS,STRONG (shopify catalog),100,FRE-MNG-KLK-GM-001,Mango Kalakand Cheesecake,FRE-MNG-KLK-GM-001,12940,,BSS-4188=MANGO KALAKAND CHEESECAKE (100) | BSS-4334=MANGO KALAKAND CHEESECAKE- DINE IN (86) | BSS-4241=MANGO KALAKAND CHEESECAKE (RTS) - 2026 (84),
12123480,Bombay Sweet Shop,12938,#_# Mango Matcha Rasgulla Tiramisu - BSS,STRONG (shopify catalog),100,FRE-MRT-001,Mango & Matcha Rasgulla Tiramisu,FRE-MRT-001,12938,,FRE-MRT-001=Mango & Matcha Rasgulla Tiramisu (100) | BSS-2338=MANGO MATCHA TIRAMISU (82) | BSS-1240=STICKER - MANGO & MATCHA RASGULLA TIRAMISU (2026) (82),
17187643,Bombay Sweet Shop,16223,#_# Mango Mithai Box of 3 - BSS,STRONG (shopify catalog),100,MITH-ASM-MNG-3 PC,Mango Mithai Box of 3,MITH-ASM-MNG-3 PC,16223,,MITH-ASM-MNG-3 PC=Mango Mithai Box of 3 (100) | PRODUCT453275=Mango Mithai - Box of 9 (95) | BSS-0022=BOX - MITHAI BOX OF 3 (85),
13586591,Bombay Sweet Shop,13907,#_# Mighty Motichur Laddu - Box of 9 - BSS,STRONG (shopify catalog),100,MITH-MOTI-9PCS,Mighty Motichur Laddu - Box of 9,MITH-MOTI-9PCS,13907,,MITH-MOTI-9PCS=Mighty Motichur Laddu - Box of 9 (100) | PRODUCT350996=Mighty Motichur Laddu - Box of 18 (95) | BSS-1827=MIGHTY MOTICHUR - 9 (IN MAP) (74),
14062397,Bombay Sweet Shop,14063,#_# Namkeen Jeera Cookies - BSS,"STRONG (full catalog, no Shopify SKU)",100,COMB-033,Namkeen Jeera Cookies-Pack of 3,,14063,,COMB-033=Namkeen Jeera Cookies-Pack of 3 (100) | BSS-1670=NAMKIN JEERA COOKIE - (RTS) (81) | BSS-1684=READY - NAMKEEN JEERA COOKIES TIN (80),
20042207,Bombay Sweet Shop,18582,#_# Pepper Almonds - BSS,STRONG (shopify catalog),100,NUT-110GM-004,Pepper Almonds,NUT-110GM-004,18582,,NUT-110GM-004=Pepper Almonds (100) | BSS-1160=PEPPER ALMONDS 110GMS (80) | BSS-3491=SALT & PEPPER ALMONDS 50 GMS (70),
10306514,Bombay Sweet Shop,9648,#_# Peri Peri Potato Salli - BSS,STRONG (shopify catalog),89,COMB-057,Peri Peri Potato Salli (225g)-Pack of 3,COMB-057,9648,,COMB-057=Peri Peri Potato Salli (225g)-Pack of 3 (89) | COMB-052=Peri Peri Potato Salli Mini (90g)-Pack of 3 (83) | BSS-1621=PERI PERI POTATO SALLI 90 GMS (RTS) (80),
10306740,Bombay Sweet Shop,10979,#_# Peri Peri Potato Salli Mini (90g) - BSS,STRONG (shopify catalog),100,COMB-052,Peri Peri Potato Salli Mini (90g)-Pack of 3,COMB-052,10979,,COMB-052=Peri Peri Potato Salli Mini (90g)-Pack of 3 (100) | BSS-1621=PERI PERI POTATO SALLI 90 GMS (RTS) (84) | COMB-057=Peri Peri Potato Salli (225g)-Pack of 3 (82),
21706660,Bombay Sweet Shop,19941,#_# Rasgulla Basundi - BSS,STRONG (shopify catalog),100,FRE-RAS-BA-001,Rasgulla Basundi,FRE-RAS-BA-001,19941,,BSS-3862=BASUNDI RASGULLA (100) | FRE-RAS-BA-001=Rasgulla Basundi (100) | BSS-3921=BASUNDI RASGULLA (RTS) - 2026 (78),
15959032,Bombay Sweet Shop,14983,#_# Roasted Makhana & Peanut Till Chikki - 100g - BSS,STRONG (shopify catalog),93,BSS-4408,Roasted Makhana & Peanut Chikki (100g)-Pack of 1,CHIK-MAK-100GM,14983,,BSS-4407=Roasted Makhana & Peanut Chikki (100g) (93) | CHIK-MAK-50GM=Roasted Makhana & Peanut Chikki (50g)-Pack of 1 (88) | BSS-1923=BOX - ROASTED MAKHANA & PEANUT CHIKKI 100GMS (86),
19389878,Bombay Sweet Shop,17814,#_# Small Coral Gift Bag - BSS,STRONG (shopify catalog),100,PKG-BAG-008,Small Coral Gift Bag,PKG-BAG-008,17814,,PKG-BAG-008=Small Coral Gift Bag (100) | BSS-0336=BAG - SMALL CORAL GIFT BAG (90) | PKG-BAG-005=Small Red Gift Bag (73),
10306535,Bombay Sweet Shop,9652,#_# Super Crunch Chikki (90g) - BSS,"STRONG (full catalog, no Shopify SKU)",100,CHIK-SC-90GM,Super Crunch Chikki (90g)-Pack of 1,,9652,,CHIK-SC-90GM=Super Crunch Chikki (90g)-Pack of 1 (100) | CHIK-SC-45GM=Super Crunch Chikki (45g)-Pack of 1 (91) | BSS-1502=SUPER CRUNCH CHIKKI (90),
10306542,Bombay Sweet Shop,9653,#_# Super Crunch Chikki Mini (45g) - BSS,"STRONG (full catalog, no Shopify SKU)",90,CHIK-SC-45GM,Super Crunch Chikki (45g)-Pack of 1,,9653,,CHIK-SC-45GM=Super Crunch Chikki (45g)-Pack of 1 (90) | CHIK-SC-90GM=Super Crunch Chikki (90g)-Pack of 1 (82) | BSS-1502=SUPER CRUNCH CHIKKI (80),
16364794,Bombay Sweet Shop,15379,#_# Sweet Shop Kesar Rasmalai (2pcs) - BSS,"STRONG (full catalog, no Shopify SKU)",90,FRE-RM-KES-2PCS-001,Sweet Shop Kesar Rasmalai,,15379,,Sweet Shop Kesar Rasmalai=Sweet Shop Kesar Rasmalai (90) | FRE-RM-KES-2PCS-001=Sweet Shop Kesar Rasmalai-2 Pcs (88) | FRE-RM-KES-5PCS-001=Sweet Shop Kesar Rasmalai-5 Pcs (85),
19863985,Bombay Sweet Shop,18416,#_# Tom Yum Makhana Mix - BSS,"STRONG (full catalog, no Shopify SKU)",100,BSS-3184,TOM YUM MAKHANA MIX,,18416,,BSS-3184=TOM YUM MAKHANA MIX (100) | COMB-098=Tom Yum Makhana Mix (60g)-Pack of 3 (90) | BSS-3287=TOM YUM MAKHANA MIX 60 GM (RTS) (79),
10306528,Bombay Sweet Shop,9651,#_# Bombay Bhel Chikki Mini (45g) - BSS,REVIEW (shopify catalog) + size?,81,CHIK-BB-45GM,Bombay Bhel Chikki (90g)-Pack of 1,CHIK-BB-90GM,9651,g: HK=[45] vs ERP=[90],BSS-1521=BOMBAY BHEL CHIKKI MINI 45G ( RTS) (93) | Bombay Bhel Chikki (45g)=Bombay Bhel Chikki (45g) (89) | BSS-4410=Bombay Bhel Chikki (90g) (81),
10306437,Bombay Sweet Shop,9634,#_# Choco Butterscotch Barks (200g) - BSS,REVIEW (shopify catalog) + size?,80,BARK-CB-200GM,Choco Butterscotch Barks (300g) in Gift Box,BARK-CB-300GM,9634,g: HK=[200] vs ERP=[300],BARK-CB-200GM=Choco Butterscotch Barks (200g)-Pack of 1 (100) | BARK-CB-90GM=Choco Butterscotch Barks (95g)-Pack of 1 (91) | BARK-CB-300GM=Choco Butterscotch Barks (300g) in Gift Box (80),
10306451,Bombay Sweet Shop,9637,#_# Choco Butterscotch Barks (95g) - BSS,REVIEW (shopify catalog) + size?,75,BARK-CB-90GM,Choco Butterscotch Barks (300g) in Gift Box,BARK-CB-300GM,9637,g: HK=[95] vs ERP=[300],BARK-CB-90GM=Choco Butterscotch Barks (95g)-Pack of 1 (100) | BARK-CB-200GM=Choco Butterscotch Barks (200g)-Pack of 1 (91) | BSS-1445=BARKS BUTTERSCOTCH SF (77),
22082853,Bombay Sweet Shop,20334,#_# Coffee Fudge Crunch - BSS,REVIEW (full catalog),80,ICE-NAT-CFC-BOX,COFFEE FUDGE CRUNCH - NATURALS,,20334,,BSS-4101=COFFEE FUDGE CRUNCH - NATURALS (80) | BSS-1164=BISCOFF CREME CRUNCH (66) | BSS-4260=(NATURALS) COFFE FUDGE CRUNCH- 500GM TUB (64),
16364822,Bombay Sweet Shop,15380,#_# Gulab Jamun (2pcs) - BSS,REVIEW (full catalog),81,FRE-GJ-2PCS-001,GULAB JAMUN,,15380,,BSS-1417=GULAB JAMUN (81) | FRE-GJ-2PCS-001=Gulab Jamun-2 Pcs (78) | FRE-GJ-6PCS-001=Gulab Jamun-6 Pcs (72),
10306706,Bombay Sweet Shop,10706,#_# Gulab Jamun (6pcs) - BSS,REVIEW (full catalog),81,FRE-GJ-6PCS-001,GULAB JAMUN,,10706,,BSS-1417=GULAB JAMUN (81) | FRE-GJ-6PCS-001=Gulab Jamun-6 Pcs (78) | BSS-1652=GULAB JAMUN CHURROS 6 PCS (73),
10306549,Bombay Sweet Shop,9654,#_# Indie Bar (Coconut Caramel) - BSS,REVIEW (full catalog),86,COMB-035,Indie Bar - Coconut Caramel Patissa-Pack of 3,,9654,,COMB-035=Indie Bar - Coconut Caramel Patissa-Pack of 3 (86) | BSS-1506=INDIE BAR COCONUT (80) | BSS-1517=INDIE BAR CARAMEL SF (75),
19261490,Bombay Sweet Shop,17640,#_# Katli Indie Bites - BSS,REVIEW (shopify catalog),79,IN-BI-DRK-140GM,Indie Katli Bites - Tiramisu,IN-BI-TIR-140GM,17640,,BSS-1748=INDIE KATLI BITES (100) | BSS-1694=INDIE KATLI BITES - ( RTS) (89) | BSS-1706=INDIE KATLI BITES - ( MAP) (89),
11732236,Bombay Sweet Shop,10037,#_# Khatti Meethi Boondi Chikki (100g) - BSS,REVIEW (full catalog),78,,BOX - KHATTI MEETHI CHIKKI - 100 GMS - 2024,,10037,,BSS-1147=BOX - KHATTI MEETHI CHIKKI - 100 GMS - 2024 (78) | BSS-1148=BOX - KHATTI MEETHI CHIKKI - 50 GMS - 2024 (76) | BSS-2737=TAG - BOONDI CHIKKI TAG (2025) (65),
10306479,Bombay Sweet Shop,9642,#_# Large Kite Paper - BSS,REVIEW (full catalog),80,BSS-0319,KITE PAPER - LARGE 29 X 13,,9642,,BSS-0319=KITE PAPER - LARGE 29 X 13 (80) | BSS-1942=KITE PAPER - NEW LARGE 2023 (78) | BSS-0320=KITE PAPER - XL (68),
10306586,Bombay Sweet Shop,9697,#_# Seal With Love / Refrigerate Me Sticker - BSS,REVIEW (full catalog),80,BSS-0449,STICKER - REFRIGERATE ME (WHITE),,9697,,BSS-0449=STICKER - REFRIGERATE ME (WHITE) (80) | BSS-0450=STICKER - REFRIGERATE ME (MAROON) (72) | BSS-1935=STICKER - GHAVER TART REFRIGATE ME (72),
10306565,Bombay Sweet Shop,9694,#_# Small Brown Bag - BSS,REVIEW (full catalog),76,BSS-0324,BOX - RANI BAUG SMALL,,9694,,BSS-0324=BOX - RANI BAUG SMALL (76) | BSS-0930=GARBAGE BAG SMALL (68) | BSS-0501=BAG - SMALL BROWN BAG WITH LOGO (68),
10306754,Bombay Sweet Shop,10987,#_# Small Kite Paper - BSS,REVIEW (full catalog),82,BSS-0320,KITE PAPER - XL,,10987,,BSS-0320=KITE PAPER - XL (82) | BSS-1691=KITE PAPER - NEW SMALL 2023 (CUT - XL ) (66) | BSS-2002=SMALL KNIFE (66),
11773673,Bombay Sweet Shop,10744,#_# Sweet Shop Rasmalai - BSS,REVIEW (shopify catalog),77,FRE-RM-KES-5PCS-001,Sweet Shop Jalebi,PRODUCT64840,10744,,Sweet Shop Kesar Rasmalai=Sweet Shop Kesar Rasmalai (86) | PRODUCT64840=Sweet Shop Jalebi (77) | BSS-1765=SWEET SHOP RASMALAI - PET JAR (RTS) (76),
10306660,Bombay Sweet Shop,9763,#_# Blue Jumbo Bags - BSS,NO MATCH,55,,,,,,BSS-0242=MALABAR BLEND- TEA BAG (55) | BSS-0661=MAIDA (BLUE BIRD) (53) | BSS-2005=LEMON LEAVES (51),
10306642,Bombay Sweet Shop,9759,#_# Care Package Sticker - BSS,NO MATCH,72,BSS-0316,,,,,BSS-0316=STICKER - CARE PACKAGE WITH GOLD FOIL (72) | BSS-0854=ICE CREAM STICK (68) | BSS-1926=STICKER - RED CARROT HALWA (68),
20046173,Bombay Sweet Shop,18594,#_# Diwali Gift Box - Large - BSS,NO MATCH,71,,,,,,PKG-RED-ECOM-LRG-PCS-013=Large Red Gift Box (71) | BSS-0297=TAG - DIWALI BSS TAG (66) | BSS-3265=READY - DIWALI DIYA BOX (2025) (63),
20043491,Bombay Sweet Shop,18586,#_# Diwali Gift Box - Medium - BSS,NO MATCH,68,,,,,,PKG-BOX-020=Medium Yellow Gift Box (68) | PKG-BOX-014=Rani Bagh Gift Box - Medium (63) | BSS-3265=READY - DIWALI DIYA BOX (2025) (62),
10306621,Bombay Sweet Shop,9702,#_# Extra Large Kite Paper - BSS,NO MATCH,73,BSS-0320,,,,,BSS-0319=KITE PAPER - LARGE 29 X 13 (73) | BSS-1942=KITE PAPER - NEW LARGE 2023 (72) | BSS-3370=KITE PAPER -  DELTA KITE PAPER (2025) (62),
10306719,Bombay Sweet Shop,10707,#_# Gift Card - BSS,NO MATCH,60,,,,,,BSS-0379=SOFT BOARD PIN (60) | BSS-1929=CARD - DIWALI GIFT CARD (60) | BSS-0405=INWARD REGISTER (58),
10306677,Bombay Sweet Shop,10070,#_# Green Floral Gift Box - Medium - BSS,NO MATCH,69,,,,,,BSS-2466=(GIFTING) STICKER BAND - MEDIUM + LARGE FLORAL BOX (69) | BSS-2462=(GIFTING) BAND - MEDIUM FLORAL BOX (W/O FOILING) (65) | BSS-2463=(GIFTING) BAND - MEDIUM FLORAL BOX (WITH FOILING) (64),
22082918,Bombay Sweet Shop,20336,#_# Ice Pack - BSS,NO MATCH,63,,,,,,BSS-0509=DICED PISTA (63) | BSS-1583=FRIED PALAK (63) | BSS-4391=PC ICE SCOOP (60),
11732224,Bombay Sweet Shop,10036,#_# Khatti Meethi Boondi Chikki Mini (50g) - BSS,NO MATCH,72,,,,,,BSS-1148=BOX - KHATTI MEETHI CHIKKI - 50 GMS - 2024 (72) | BSS-1147=BOX - KHATTI MEETHI CHIKKI - 100 GMS - 2024 (68) | BSS-2737=TAG - BOONDI CHIKKI TAG (2025) (61),
10306698,Bombay Sweet Shop,10294,#_# Medium Kite Paper - BSS,NO MATCH,68,,,,,,BSS-1692=KITE PAPER - NEW MEDIUM 2023 (CUT - XL ) (68) | BSS-0320=KITE PAPER - XL (66) | BSS-1123=KITE PAPER (MODAK BOX OF 7) (61),
10306609,Bombay Sweet Shop,9700,#_# Ranibaug Gift Card - BSS,NO MATCH,66,,,,,,BSS-0311=CARD - RANI BAUG GIFT CARD (66) | BSS-3947=VANILLA CUSTARD DIP (59) | COMB-127=Mango Mania Gift Bag (57),
13044434,Bombay Sweet Shop,13549,#_# TEMP CARDS - BSS,NO MATCH,58,BSS-0321,,,,,BSS-0321=CARD - TEMPERATURE CARD (58) | BSS-2710=CREDIT NOTE (57) | BSS-0370=STAMP PAD FABER (56),
22082886,Bombay Sweet Shop,20335,#_# Tender Coconut Naga Chilli - BSS,NO MATCH,73,ICE-NAT-TCNC-BOX,,,,,BSS-4259=(NATURALS) TENDER COCONUT NAGA CHILLI- 500GM TUB (73) | BSS-4233=COCONUT CHILLI MANGO SUNDAE- DINE IN (72) | BSS-0799=TENDER COCONUT (70),
17630114,Bombay Sweet Shop,16572,#_# White Bag Large - BSS,NO MATCH,72,BSS-2328,,,,,BSS-0359=WHITE BOARD MARKER (72) | BSS-0358=TAPE ABRO WHITE (66) | BSS-0595=WHITE VINEGAR (64),
17629846,Bombay Sweet Shop,16571,#_# White Bag Small - BSS,NO MATCH,68,BSS-2329,,,,,BSS-2329=BAG - SMALL WHITE  BAG WITH LOGO (68) | BSS-0359=WHITE BOARD MARKER (66) | BSS-0603=UDAD DAL WHITE (62),
10306608,Bombay Sweet Shop,9701,#_# Yellow Gift Card - BSS,NO MATCH,64,BSS-1288,,,,,BSS-0144=YELLOW CAPSICUM (64) | PKG-BOX-020=Medium Yellow Gift Box (63) | BSS-0591=YELLOW MUSTARD SEED (62),
22493565,Getaway,20816,#_# Almond Crunch Bar - Getaway,OUT OF SCOPE — partner brand,,,,,,,BSS-1609=ALMOND CREAM (62) | BSS-2529=ALMOND MATCHA LATTE (61) | BSS-1825=ALMOND BRITTLE - TIRAMISU (60),
22341720,Getaway,20597,#_# Black Forest Ice Cream Pastry - Getaway,OUT OF SCOPE — partner brand,,,,,,,BSS-3631=STRAWBERRY ICE CREAM BASE (62) | BSS-1055=TRAY METAL 4 TIRE BLACK (61) | BSS-3484=CHEF MASTER BLACK (60),
22494663,Getaway,20819,#_# Blueberry Cassata - Getaway,OUT OF SCOPE — partner brand,,,,,,,BSS-3566=BLUEBERRY ESSENCE (70) | BSS-2521=DRY BLUEBERRY (66) | BSS-4236=HAND BLENDER SUJATA (61),
22342454,Getaway,20599,#_# Chocolate Cassata - Getaway,OUT OF SCOPE — partner brand,,,,,,,BSS-3089=CACAO CHOCOLATE TRAY (70) | CHO-O-DCAB-50GM-001=Dark Chocolate Aam Bar (66) | BSS-1630=CHOCOLATE CAKE SYRUP (64),
22342087,Getaway,20598,#_# Cone Blueberry Cheesecake  110 Ml - Getaway,OUT OF SCOPE — partner brand,,,,,,,BSS-3566=BLUEBERRY ESSENCE (61) | BSS-1796=FRIED CHEESECAKE - BASE (56) | BSS-3839=BLACK FOREST KALAKAND CHEESECAKE (56),
22493931,Getaway,20817,#_# Dark Truffle Bar - Getaway,OUT OF SCOPE — partner brand,,,,,,,BSS-1343=DARK CHOCOLATE TRUFFLE SHELLS (62) | BSS-2562=TRUFFLE FRIES (62) | BSS-0359=WHITE BOARD MARKER (58),
22343922,Getaway,20603,#_# Hot Chocolate Fudge Ice Cream Pastry - Getaway,OUT OF SCOPE — partner brand,,,,,,,BSS-1744=CHOCOLATE FUDGE SAUCE (63) | HAMP-036=The Chocolate Lover's Hamper (59) | BSS-1282=STICKER - CHOCOLATE FUDGE CAKE ADD ME (59),
22495029,Getaway,20820,#_# Mango Cassata - Getaway,OUT OF SCOPE — partner brand,,,,,,,BSS-2304=MANGO CARAMEL (69) | BSS-0822=HAPUS MANGO (66) | BSS-2490=MANGO PAPDI CHAAT (66),
22342821,Getaway,20600,#_# Mango Duet  - Getaway,OUT OF SCOPE — partner brand,,,,,,,BSS-0822=HAPUS MANGO (66) | BSS-0164=MANGO GINGER (63) | BSS-3007=BADAMI MANGO (63),
22343188,Getaway,20601,#_# Mango Ice Cream - 500ml - Getaway,OUT OF SCOPE — partner brand,,,,,,,BSS-2477=MANGO ICE CREAM (83) | BSS-4386=MANGO ICE CREAM - DINE IN (68) | BSS-1655=PAV ICE CREAM (64),
22341353,Getaway,20596,#_# Rose Petal Kulfi? - Getaway,OUT OF SCOPE — partner brand,,,,,,,BSS-2599=SS PEDAL DUSTBIN (56) | BSS-0713=FREEZE DRIED ROSE PETAL 1 KG (54) | BSS-3040=KHAU SEV PAPDI (53),
22343555,Getaway,20602,#_# Strawberry Cheesecake Dessert Jar - Getaway,OUT OF SCOPE — partner brand,,,,,,,BSS-3614=STRAWBERRY KALAKAND CHEESECAKE (73) | BSS-3648=STRAWBERRY KALAKAND CHEESECAKE (RTS) - 2025 (69) | BSS-3619=STICKER - STRAWBERRY KALAKAND CHEESECAKE (2025) (68),
22494297,Getaway,20818,#_# Vanilla Chocobar - Getaway,OUT OF SCOPE — partner brand,,,,,,,BSS-0024=VANILLA BEAN (71) | BSS-4175=VANILLA CUSTARD (70) | BSS-0597=VANILLA POWDER (66),
22434672,Icecream Works,20743,#_# Almond Brownie Fudge Sugar Free Ice Cream - Icecream Works,OUT OF SCOPE — partner brand,,,,,,,BSS-3960=STICKER - NATURAL'S ICE CREAM ALMOND BRITTLE (FOP)-2026 (58) | BSS-3971=ALMOND BRITTLE- DINE IN CAFE (BULK) (57) | BSS-3961=STICKER - NATURAL'S ICE CREAM ALMOND BRITTLE(BOP)-2026 (56),
22431768,Icecream Works,20735,#_# Alphonso Mango Bar - Icecream Works,OUT OF SCOPE — partner brand,,,,,,,BSS-2637=MANGO ALPHONSO SF (80) | BSS-0652=MANGO PULP ALPHONSO (75) | BSS-0809=MANGO ALPHONSO KG (12PCS) (73),
22452096,Icecream Works,20791,#_# Alphonso Mango Ice Cream (500 ml tub) - Icecream Works,OUT OF SCOPE — partner brand,,,,,,,BSS-0831=FROZEN ALPHONSO MANGO PULP (62) | BSS-2477=MANGO ICE CREAM (60) | BSS-0652=MANGO PULP ALPHONSO (59),
22429953,Icecream Works,20730,#_# Alphonso Mango Ice Cream - Icecream Works,OUT OF SCOPE — partner brand,,,,,,,BSS-2477=MANGO ICE CREAM (76) | BSS-2637=MANGO ALPHONSO SF (68) | BSS-0831=FROZEN ALPHONSO MANGO PULP (68),
22430679,Icecream Works,20732,#_# Alphonso Mango Milk Shake - Icecream Works,OUT OF SCOPE — partner brand,,,,,,,BSS-2637=MANGO ALPHONSO SF (76) | BSS-2659=MANGO MILKSHAKE (75) | BSS-0652=MANGO PULP ALPHONSO (72),
22431042,Icecream Works,20733,#_# Alphonso Mango Popsicle - Icecream Works,OUT OF SCOPE — partner brand,,,,,,,BSS-0652=MANGO PULP ALPHONSO (80) | BSS-2637=MANGO ALPHONSO SF (80) | BSS-0831=FROZEN ALPHONSO MANGO PULP (69),
22430316,Icecream Works,20731,#_# Alphonso Mango Sundae - Icecream Works,OUT OF SCOPE — partner brand,,,,,,,BSS-2637=MANGO ALPHONSO SF (84) | BSS-0652=MANGO PULP ALPHONSO (80) | BSS-2480=MANGO CHURRO SUNDAE (75),
22435398,Icecream Works,20745,#_# Belgian Chocolate Ice Cream - Icecream Works,OUT OF SCOPE — partner brand,,,,,,,BSS-3643=CHOCOLATE BARKS WITH MORDE (64) | BSS-1805=CHOCOLATE CRUMBLE (63) | BSS-0047=PR - CHOCOLATE BAR GOLDEN TICKET (63),
22453548,Icecream Works,20795,#_# Belgian Chocolate Sugar Free Ice Cream (500 ml tub) - Icecream Works,OUT OF SCOPE — partner brand,,,,,,,BSS-0937=DARK CHOCOLATE WITHOUT SUGAR 10 KG CB (60) | BSS-1807=SUGARFREE CHOCOLATE COFFEE GANACHE (55) | BSS-2381=STICKER - DARK CHOCOLATE TIRAMISU ADD ME-(2025) (54),
22433220,Icecream Works,20739,#_# Belgian Chocolate Sugar Free Ice Cream - Icecream Works,OUT OF SCOPE — partner brand,,,,,,,BSS-1807=SUGARFREE CHOCOLATE COFFEE GANACHE (63) | BSS-1806=DARK CHOCOLATE COFFEE BARFI (61) | BSS-2997=CHOCOLATE COFFEE CAKE - DINE IN (59),
22445562,Icecream Works,20773,#_# Biscoff Caramel Bar - Icecream Works,OUT OF SCOPE — partner brand,,,,,,,BSS-4044=BANOFFEE CARAMEL (74) | BSS-3609=BURNT CARAMEL (62) | BSS-1164=BISCOFF CREME CRUNCH (61),
22449192,Icecream Works,20783,#_# Biscoff Caramel Bento Cake - Icecream Works,OUT OF SCOPE — partner brand,,,,,,,BSS-2974=BISCOFF CARAMEL - CHOCOLATE CAKE (71) | BSS-4044=BANOFFEE CARAMEL (66) | BSS-4046=BISCOFF CUSTARD CREAM (59),
22437213,Icecream Works,20750,#_# Biscoff Caramel Ice Cream - Icecream Works,OUT OF SCOPE — partner brand,,,,,,,BSS-1164=BISCOFF CREME CRUNCH (71) | BSS-1820=SALTED CARAMEL ICE CREAM (69) | BSS-2974=BISCOFF CARAMEL - CHOCOLATE CAKE (69),
22441569,Icecream Works,20762,#_# Biscoff Caramel Milkshake - Icecream Works,OUT OF SCOPE — partner brand,,,,,,,BSS-2974=BISCOFF CARAMEL - CHOCOLATE CAKE (69) | BSS-1800=CHOCOLATE MILKSHAKE (68) | BSS-4046=BISCOFF CUSTARD CREAM (65),
22443021,Icecream Works,20766,#_# Biscoff Caramel Sundae - Icecream Works,OUT OF SCOPE — partner brand,,,,,,,BSS-1164=BISCOFF CREME CRUNCH (71) | BSS-4046=BISCOFF CUSTARD CREAM (69) | BSS-2974=BISCOFF CARAMEL - CHOCOLATE CAKE (69),
22433946,Icecream Works,20741,#_# Californian Pistachio Sugar Free Ice Cream - Icecream Works,OUT OF SCOPE — partner brand,,,,,,,"BSS-1721=PINA COLADA ICE CREAM (VEGAN) (57) | BSS-4229=AAMRAS ""PURI"" ICE CREAM SANDO (55) | BSS-3995=PISTACHIO PASTE  CAFE (BULK) (53)",
22446288,Icecream Works,20775,#_# Choco Chip Cookie Ice Cream Sandwich - Icecream Works,OUT OF SCOPE — partner brand,,,,,,,BSS-1735=CARROT CAKE ICE CREAM SANDWICH (69) | BSS-3146=READY - CHOCOLATE COOKIE TIN WITH STICKER (2025) (65) | BSS-3138=STICKER - CHOCOLATE COOKIE TIN STICKER (2025) (57),
22447740,Icecream Works,20779,#_# Chocobar Ice Cream Cake - Icecream Works,OUT OF SCOPE — partner brand,,,,,,,BSS-1618=BSS ICE CREAM BASE (68) | BSS-1735=CARROT CAKE ICE CREAM SANDWICH (67) | BSS-1629=CHOCOLATE CAKE GANACHE (66),
22448103,Icecream Works,20780,#_# Chocolate Cassata - Icecream Works,OUT OF SCOPE — partner brand,,,,,,,BSS-3089=CACAO CHOCOLATE TRAY (70) | CHO-O-DCAB-50GM-001=Dark Chocolate Aam Bar (66) | BSS-1630=CHOCOLATE CAKE SYRUP (64),
22435761,Icecream Works,20746,#_# Chocolate To Die For Ice Cream - Icecream Works,OUT OF SCOPE — partner brand,,,,,,,BSS-1613=CHOCOLATE DIP FOR CHURROS (69) | HAMP-036=The Chocolate Lover's Hamper (65) | BSS-2630=FILTER COFFEE ICE CREAM (64),
22445925,Icecream Works,20774,#_# Classic Cookie Ice Cream Sandwich - Icecream Works,OUT OF SCOPE — partner brand,,,,,,,BSS-1735=CARROT CAKE ICE CREAM SANDWICH (76) | BSS-4156=ICM CLASSIC (COOLM) (60) | BSS-3146=READY - CHOCOLATE COOKIE TIN WITH STICKER (2025) (59),
22451370,Icecream Works,20789,#_# Coffee Almond Fudge Ice Cream (500 ml tub) - Icecream Works,OUT OF SCOPE — partner brand,,,,,,,BSS-4260=(NATURALS) COFFE FUDGE CRUNCH- 500GM TUB (64) | BSS-2630=FILTER COFFEE ICE CREAM (60) | BSS-4385=NATURAL'S COFFEE FUDGE CRUNCH ICE CREAM - DINE IN (59),
22437576,Icecream Works,20751,#_# Coffee Almond Fudge Ice Cream - Icecream Works,OUT OF SCOPE — partner brand,,,,,,,BSS-2630=FILTER COFFEE ICE CREAM (73) | BSS-1079=CHOCO ALMOND DRAGEES (61) | Gymkhana Cold Coffee Ice Cream=Gymkhana Cold Coffee Ice Cream (61),
22437939,Icecream Works,20752,#_# Crunch & Nut Butterscotch Ice Cream - Icecream Works,OUT OF SCOPE — partner brand,,,,,,,BSS-2478=PEANUT BUTTER ICE CREAM (71) | BSS-0581=FRESHOS CREAMY PEANUT BUTTER (65) | BSS-0489=CANDLE - CHOOCOLATE BUTTERSCOTCH CANDLE (62),
22450644,Icecream Works,20787,#_# Crunch n Nut Butterscotch Ice Cream (500 ml tub) - Icecream Works,OUT OF SCOPE — partner brand,,,,,,,BSS-2478=PEANUT BUTTER ICE CREAM (57) | BSS-0489=CANDLE - CHOOCOLATE BUTTERSCOTCH CANDLE (55) | BSS-4260=(NATURALS) COFFE FUDGE CRUNCH- 500GM TUB (55),
22449918,Icecream Works,20785,#_# Dark Dutch Chocolate Ice Cream (500 ml tub) - Icecream Works,OUT OF SCOPE — partner brand,,,,,,,BSS-1238=VELICHE EMOTION DARK CHOCOLATE 58% COUVERTURE (61) | BSS-4163=DARK CHOCOLATE TIRAMISU - DINE IN (61) | BSS-2494=DARK CHOCOLATE TIRAMISU (RTS) - 2025 (60),
22436124,Icecream Works,20747,#_# Dark Dutch Chocolate Ice Cream - Icecream Works,OUT OF SCOPE — partner brand,,,,,,,BSS-4024=DARK CHOCOLATE MOUSSE (66) | BSS-1238=VELICHE EMOTION DARK CHOCOLATE 58% COUVERTURE (64) | BSS-0956=MORDE DARK CHOCOLATE 55% (64),
22435035,Icecream Works,20744,#_# Ecuador Dark Chocolate Ice Cream - Icecream Works,OUT OF SCOPE — partner brand,,,,,,,BSS-1238=VELICHE EMOTION DARK CHOCOLATE 58% COUVERTURE (65) | BSS-0956=MORDE DARK CHOCOLATE 55% (65) | BSS-2711=DARK CHOCOLATE MANGO TOFFEE (64),
22432494,Icecream Works,20737,#_# Ferrero Rocher Ice Cream - Icecream Works,OUT OF SCOPE — partner brand,,,,,,,Ferrero Rocker Besan Laddu Box=Ferrero Rocker Besan Laddu Box (62) | BSS-2580=CROCKERY - CREAMER INDUS (60) | BSS-1275=ICE CREAM PAPER CUP (60),
22015308,Icecream Works,20250,#_# Ferro Hazelnut OTT Ice Cream (100 ml Cup) - Icecream Works,OUT OF SCOPE — partner brand,,,,,,,BSS-3592=EXCEL WHIPP CREAM 35 % FAT 1000 ML (53) | BSS-0037=BANDRA - ICE CREAM CUP UNPRITED 100ML (51) | BSS-2170=STICKER - ULTIMATE HOLI HAMPER (2025) (50),
22443747,Icecream Works,20768,#_# Ferro-Rocher Oreo Sundae - Icecream Works,OUT OF SCOPE — partner brand,,,,,,,BSS-2480=MANGO CHURRO SUNDAE (55) | BSS-4232=HONEY GLAZED CASHEWS - FOR SUNDAE (54) | BSS-0256=SACHET - SUGAR FREE (53),
22448466,Icecream Works,20781,#_# Fruit Cassata - Icecream Works,OUT OF SCOPE — partner brand,,,,,,,PRODUCT171651=Cassata Ice Cream (66) | BSS-1612=MAWA CROISSANT FRUIT CUSTARD (58) | BSS-2364=RASMALAI FRUIT CUSTARD (57),
22443384,Icecream Works,20767,#_# Gooey Belgian Chocolate Crunch Sundae - Icecream Works,OUT OF SCOPE — partner brand,,,,,,,BSS-3976=CHOCOLATE FUDGE SAUCE CAFE (BULK) (61) | BSS-1806=DARK CHOCOLATE COFFEE BARFI (59) | BSS-3556=CHOCOLATE SCRAPER 8 INCH (59),
22452459,Icecream Works,20792,#_# Guava Chilli Ice Cream (500 ml tub) - Icecream Works,OUT OF SCOPE — partner brand,,,,,,,BSS-4259=(NATURALS) TENDER COCONUT NAGA CHILLI- 500GM TUB (56) | BSS-0345=PICKLE CHILLY 200 GM PKT (56) | Gymkhana Cold Coffee Ice Cream=Gymkhana Cold Coffee Ice Cream (53),
22439391,Icecream Works,20756,#_# Guava Chilli Ice Cream - Icecream Works,OUT OF SCOPE — partner brand,,,,,,,BSS-1451=CREAM CHEESE GANACHE (66) | BSS-3567=CHILLY GUAVA (64) | BSS-3423=JAIN CHILLI CRISP (61),
22440843,Icecream Works,20760,#_# Hazelnut Choco Kitkat Ice Cream 100 ml Cup - Icecream Works,OUT OF SCOPE — partner brand,,,,,,,BSS-4169=COOL M INSTANT ICE CREAM MIX (57) | BSS-0723=COCONUT MILK CHAOKOH 400 ML (55) | BSS-0037=BANDRA - ICE CREAM CUP UNPRITED 100ML (54),
22432131,Icecream Works,20736,#_# Hazelnut Crunch Ice Cream - Icecream Works,OUT OF SCOPE — partner brand,,,,,,,BSS-3162=BREAD DUTCH CRUNCH (65) | BSS-1474=HAZELNUT ALMOND PRALINE (62) | BSS-1468=HAZELNUT BESAN BARFI (57),
22429590,Icecream Works,20729,#_# King Alphonso Mango Zero Added Sugar Ice Cream - Icecream Works,OUT OF SCOPE — partner brand,,,,,,,BSS-0831=FROZEN ALPHONSO MANGO PULP (55) | BSS-1721=PINA COLADA ICE CREAM (VEGAN) (54) | BSS-4393=2M DARK COMPOUND (NO ADDED SUGAR) (54),
22444110,Icecream Works,20769,#_# Kitkat Brownie Sundae - Icecream Works,OUT OF SCOPE — partner brand,,,,,,,BSS-2481=BANANA SPLIT SUNDAE (60) | BSS-0253=MAWANA BROWN SUGAR (56) | BSS-0237=SUGAR BROWN SACHET (5GM) (55),
22436487,Icecream Works,20748,#_# Madagascar Chocolate Ice Cream - Icecream Works,OUT OF SCOPE — partner brand,,,,,,,BSS-2548=MALABAR CHOCOLATE DIP FOR CHURROS (63) | BSS-1721=PINA COLADA ICE CREAM (VEGAN) (63) | BSS-3556=CHOCOLATE SCRAPER 8 INCH (62),
22453185,Icecream Works,20794,#_# Mahabaleshwar Strawberries & Cream Sugar Free Ice Cream (500 ml tub) - Icecream Works,OUT OF SCOPE — partner brand,,,,,,,BSS-3635=MATCHA CREAM - STRAWBERRY TRES LECHES (52) | BSS-1035=STICKER - NEW STRAWBERRY GHAVER TART-2024 (48) | BSS-1802=STRAWBERRY BROWN BUTTER ICE CREAM SANDO (48),
22433583,Icecream Works,20740,#_# Mahabaleshwar Strawberries & Cream Sugar Free Ice Cream - Icecream Works,OUT OF SCOPE — partner brand,,,,,,,BSS-3635=MATCHA CREAM - STRAWBERRY TRES LECHES (59) | BSS-1802=STRAWBERRY BROWN BUTTER ICE CREAM SANDO (54) | BSS-4230=MASTANI CREAM FOR SUNDAE - DINE IN (54),
22442658,Icecream Works,20765,#_# Mahabaleshwar Strawberry Milkshake - Icecream Works,OUT OF SCOPE — partner brand,,,,,,,BSS-1775=STRAWBERRY MILKSHAKE GANACHE (77) | BSS-1799=STRAWBERRY MILKSHAKE (74) | BSS-1559=STRAWBERRY BALSAMIC JAM (66),
22431405,Icecream Works,20734,#_# Mango Chilli Popsicle - Icecream Works,OUT OF SCOPE — partner brand,,,,,,,BSS-3239=NATCH MANGO SLICES CHILLI 60G (68) | BSS-2756=PULP - MANGO CHITALE (66) | BSS-2490=MANGO PAPDI CHAAT (63),
22444836,Icecream Works,20771,#_# Millionaire Chocolate Sundae - Icecream Works,OUT OF SCOPE — partner brand,,,,,,,BSS-1800=CHOCOLATE MILKSHAKE (68) | BSS-4308=S S CHOCOLATE POURER (62) | BSS-1471=CHOCOLATE GANACHE (62),
22448829,Icecream Works,20782,#_# Nutella Brownie Bento Cake - Icecream Works,OUT OF SCOPE — partner brand,,,,,,,PRODUCT446733=Chocolate Brownie & Biscoff Fudge (59) | BSS-1739=BON BON CARAMEL SAUCE (55) | BSS-1522=CASHEW BON BON GANACHE (54),
22450281,Icecream Works,20786,#_# Nutella Chocolate Brownie Ice Cream (500 ml tub) - Icecream Works,OUT OF SCOPE — partner brand,,,,,,,BSS-1937=TUB - BROWN CONTAINER 750 ML (61) | FUD-CLS-145GM-001=Bombay's 3-Layer Chocolate Fudge-Classic (55) | BSS-2357=CHOCOLATE COATED CHIROTE RTS - 2025 (55),
22436850,Icecream Works,20749,#_# Nutella Chocolate Brownie Ice Cream - Icecream Works,OUT OF SCOPE — partner brand,,,,,,,BSS-1804=BROWN BUTTER ICE CREAM (63) | BSS-1806=DARK CHOCOLATE COFFEE BARFI (61) | BSS-2321=CHOCOLATE COATED CHIROTE (61),
22441206,Icecream Works,20761,#_# Orange Fruit Popsicle - Icecream Works,OUT OF SCOPE — partner brand,,,,,,,BSS-2474=PINEAPPLE POPSICLE (61) | BSS-1235=MANDARINO PASTE (ORANGE) (60) | BSS-0042=CAFE - POPSCILE CHOCOLATE (59),
22432857,Icecream Works,20738,#_# Oreo Caramel Choco Chip Ice Cream - Icecream Works,OUT OF SCOPE — partner brand,,,,,,,BSS-1820=SALTED CARAMEL ICE CREAM (66) | BSS-2971=GOAT MILK CHAI CARAMEL - SERVING (57) | BSS-1985=STICKER- TEX MEX CORN CHIVDA CHAMP (54),
22449555,Icecream Works,20784,#_# Oreo Chocolate Bento Cake - Icecream Works,OUT OF SCOPE — partner brand,,,,,,,BSS-2994=CHOCOLATE COFFEE CAKE - BAKED (76) | BSS-2996=CHOCOLATE COFFEE CAKE - BUILT (76) | BSS-2993=CHOCOLATE COFFEE CAKE CAFE (BULK) (71),
22451733,Icecream Works,20790,#_# Oreo Cookies & Cream Ice Cream (500 ml tub) - Icecream Works,OUT OF SCOPE — partner brand,,,,,,,BSS-1684=READY - NAMKEEN JEERA COOKIES TIN (54) | BSS-1820=SALTED CARAMEL ICE CREAM (53) | BSS-1311=SUNPET - 500 ML CLEAR CAP (51),
22438302,Icecream Works,20753,#_# Oreo Cookies & Cream Ice Cream - Icecream Works,OUT OF SCOPE — partner brand,,,,,,,BSS-1820=SALTED CARAMEL ICE CREAM (61) | COMB-033=Namkeen Jeera Cookies-Pack of 3 (61) | BSS-1670=NAMKIN JEERA COOKIE - (RTS) (58),
22441932,Icecream Works,20763,#_# Overloaded Oreo Milkshake - Icecream Works,OUT OF SCOPE — partner brand,,,,,,,BSS-1799=STRAWBERRY MILKSHAKE (57) | BSS-0970=GRENOVE DISHWASH SOAP (52) | BSS-2081=RED HABANERO CHILI (51),
22447377,Icecream Works,20778,#_# Salted Caramel Ice Cream Cake - Icecream Works,OUT OF SCOPE — partner brand,,,,,,,BSS-1820=SALTED CARAMEL ICE CREAM (90) | BSS-1735=CARROT CAKE ICE CREAM SANDWICH (74) | BSS-4089=SALTED CARAMEL I/C 2 SCOOPS (64),
22445199,Icecream Works,20772,#_# Sea Salt Caramel Chocolate Sundae - Icecream Works,OUT OF SCOPE — partner brand,,,,,,,BSS-1629=CHOCOLATE CAKE GANACHE (65) | BSS-1820=SALTED CARAMEL ICE CREAM (63) | BSS-2321=CHOCOLATE COATED CHIROTE (63),
22446651,Icecream Works,20776,#_# Sea Salt Caramel Crunch Cookie Ice Cream Sandwich - Icecream Works,OUT OF SCOPE — partner brand,,,,,,,BSS-1735=CARROT CAKE ICE CREAM SANDWICH (63) | BSS-1820=SALTED CARAMEL ICE CREAM (63) | BSS-3677=STICKER - RICE PAYESH SALTED CARAMEL (2025) (54),
22438665,Icecream Works,20754,#_# Sea Salt Caramel Fudge Ice Cream - Icecream Works,OUT OF SCOPE — partner brand,,,,,,,BSS-1820=SALTED CARAMEL ICE CREAM (82) | BSS-3677=STICKER - RICE PAYESH SALTED CARAMEL (2025) (61) | BSS-1721=PINA COLADA ICE CREAM (VEGAN) (61),
22444473,Icecream Works,20770,#_# Strawberry Berry Sundae - Icecream Works,OUT OF SCOPE — partner brand,,,,,,,BSS-3642=STRAWBERRY SUNDAE (85) | BSS-3632=STRAWBERRY JELLY - STRAWBERRY SUNDAE (80) | BSS-3576=STRAWBERRY BAR (70),
22439028,Icecream Works,20755,#_# Tahitian Vanilla Ice Cream 500 ml Tub - Icecream Works,OUT OF SCOPE — partner brand,,,,,,,BSS-1720=VANILLA ICE CREAM (62) | BSS-2479=STRACCIATELLA AND JAM ICE CREAM (61) | BSS-0599=VANILLA ESSENCE 500 ML (61),
22439754,Icecream Works,20757,#_# Three Berries Ice Cream - Icecream Works,OUT OF SCOPE — partner brand,,,,,,,BSS-3631=STRAWBERRY ICE CREAM BASE (66) | BSS-2478=PEANUT BUTTER ICE CREAM (65) | BSS-3569=BERRY CARAMEL TOFFEE (65),
22447014,Icecream Works,20777,#_# Triple Chocolate Cookie Chip Ice Cream Sandwich - Icecream Works,OUT OF SCOPE — partner brand,,,,,,,BSS-3146=READY - CHOCOLATE COOKIE TIN WITH STICKER (2025) (65) | BSS-1735=CARROT CAKE ICE CREAM SANDWICH (64) | BSS-3138=STICKER - CHOCOLATE COOKIE TIN STICKER (2025) (63),
22442295,Icecream Works,20764,#_# Ultimate Chocolate Milkshake - Icecream Works,OUT OF SCOPE — partner brand,,,,,,,BSS-1800=CHOCOLATE MILKSHAKE (80) | BSS-1556=ULTIMATE CARAMEL SAUCE (64) | BSS-3869=M & M CHOCOLATE (63),
22434309,Icecream Works,20742,#_# Wimbledon Strawberry Cheesecake Sugar Free Ice Cream - Icecream Works,OUT OF SCOPE — partner brand,,,,,,,BSS-3631=STRAWBERRY ICE CREAM BASE (59) | BSS-3619=STICKER - STRAWBERRY KALAKAND CHEESECAKE (2025) (56) | BSS-3614=STRAWBERRY KALAKAND CHEESECAKE (56),
22452822,Icecream Works,20793,#_# Wimbledon Strawberry Ice Cream (500 ml tub) - Icecream Works,OUT OF SCOPE — partner brand,,,,,,,BSS-3631=STRAWBERRY ICE CREAM BASE (63) | BSS-3635=MATCHA CREAM - STRAWBERRY TRES LECHES (63) | BSS-2059=DRIED STRAWBERRY WHOLE (57),
22440117,Icecream Works,20758,#_# Wimbledon Strawberry Ice Cream - Icecream Works,OUT OF SCOPE — partner brand,,,,,,,BSS-3631=STRAWBERRY ICE CREAM BASE (72) | BSS-2059=DRIED STRAWBERRY WHOLE (69) | BSS-1793=STRAWBERRY RICE CRISPIE (67),
22465893,KST & Kitchen Consumables,20803,#_# Black T Shirt Murukku 2 XL,OUT OF SCOPE — partner brand,,,,,,,BSS-0235=T- SHIRT (KITCHEN -M/F) (53) | BSS-1055=TRAY METAL 4 TIRE BLACK (53) | BSS-2840=MARIUS STOOL 45 BLACK AP JP (52),
22465138,KST & Kitchen Consumables,20800,#_# Black T Shirt Murukku Large,OUT OF SCOPE — partner brand,,,,,,,BSS-3712=IQ800 PLUS BLACK INK CARTRIDGE (52) | BSS-0235=T- SHIRT (KITCHEN -M/F) (52) | BSS-0407=INK CARTRIDGE BLACK (52),
22460125,KST & Kitchen Consumables,20796,#_# Black T Shirt Murukku Medium,OUT OF SCOPE — partner brand,,,,,,,BSS-0235=T- SHIRT (KITCHEN -M/F) (51) | BSS-1055=TRAY METAL 4 TIRE BLACK (50) | BSS-1233=ECOM BOX - PRINTED RED MEDIUM (50),
22465527,KST & Kitchen Consumables,20802,#_# Black T Shirt Murukku XL,OUT OF SCOPE — partner brand,,,,,,,BSS-1369=BLACK CURRANT (54) | BSS-0755=BLACK MUSTARD SEED (52) | BSS-0235=T- SHIRT (KITCHEN -M/F) (51),
22514158,Loyka,20911,#_# Almond Brittle Cranberry [Box Of 14] - Loyka,OUT OF SCOPE — partner brand,,,,,,,BSS-3971=ALMOND BRITTLE- DINE IN CAFE (BULK) (60) | BSS-1825=ALMOND BRITTLE - TIRAMISU (59) | BSS-3581=STRAWBERRY ALMOND BARKS (59),
22507902,Loyka,20894,#_# Almond Brittle Matilda Cake - Loyka,OUT OF SCOPE — partner brand,,,,,,,BSS-1825=ALMOND BRITTLE - TIRAMISU (72) | BSS-3936=ALMOND BRITTLE FOR NATURALS (70) | BSS-3971=ALMOND BRITTLE- DINE IN CAFE (BULK) (67),
22507166,Loyka,20892,#_# Basque Cheesecake (Slice) - Loyka,OUT OF SCOPE — partner brand,,,,,,,BSS-1796=FRIED CHEESECAKE - BASE (81) | BSS-3657=CHEESECAKE SOFT SERVE BASE (73) | BSS-1795=FRIED CHEESECAKE (66),
22504958,Loyka,20886,#_# Basque Cheesecake Shake - Loyka,OUT OF SCOPE — partner brand,,,,,,,BSS-1796=FRIED CHEESECAKE - BASE (77) | BSS-3657=CHEESECAKE SOFT SERVE BASE (73) | BSS-3613=CREAM CHEESE BATTER (61),
22512686,Loyka,20907,#_# Choco Chip Soft Cookie - Loyka,OUT OF SCOPE — partner brand,,,,,,,BSS-1504=CHOCOLATE COOKIE (63) | BSS-4415=TEST - Chocolate Cookies Pack 1 (62) | BSS-3297=STICKER - CHOCOLATE COOKIE (BOP)-2025 (61),
22511950,Loyka,20905,#_# Classic Corn & Cheese Korean Bun (Jain) - Loyka,OUT OF SCOPE — partner brand,,,,,,,BSS-3526=READY - CHILLI CHEESE BHUJIA  JAR GODREJ (2025) (59) | BSS-3734=KALAKAND CHEESECAKE FOR DINE IN (57) | BSS-0989=CHEESE PARMESAN BLOCK INDIAN (57),
22511582,Loyka,20904,#_# Classic Korean Cheese Garlic Bun (Savoury) - Loyka,OUT OF SCOPE — partner brand,,,,,,,BSS-3426=CHILLI CHEESE BHUJIA 90 GMS (RTS) - GOLDEN POUCH (54) | BSS-3614=STRAWBERRY KALAKAND CHEESECAKE (54) | BSS-3526=READY - CHILLI CHEESE BHUJIA  JAR GODREJ (2025) (53),
22513054,Loyka,20908,#_# Dark Chocolate Soft Cookie - Loyka,OUT OF SCOPE — partner brand,,,,,,,BSS-4415=TEST - Chocolate Cookies Pack 1 (80) | BSS-1504=CHOCOLATE COOKIE (76) | BSS - 01 TEST=CHOCOLATE BUTTER COOKIES- RTS TEST (71),
22503118,Loyka,20881,#_# Dark Chocolate Teddy Bear Mousse - Loyka,OUT OF SCOPE — partner brand,,,,,,,BSS-4024=DARK CHOCOLATE MOUSSE (79) | BSS-4270=DARK CHOCOLATE KAJU BARFI MIXTURE (70) | BSS-0956=MORDE DARK CHOCOLATE 55% (69),
22512318,Loyka,20906,#_# Dubai Kunafa Chocolate Bar - Loyka,OUT OF SCOPE — partner brand,,,,,,,CHO-O-DCAB-50GM-001=Dark Chocolate Aam Bar (70) | BSS-3024=DUBAI CHOCOLATE SOFT SERVE (65) | BSS-3998=PISTACHIO KUNAFA CHOCOLATE CAKE - DINE IN (64),
22510478,Loyka,20901,#_# Grandmama's Dark Chocolate Cake - Loyka,OUT OF SCOPE — partner brand,,,,,,,BSS-1629=CHOCOLATE CAKE GANACHE (71) | BSS-2492=DARK CHOCOLATE TIRAMISU (70) | BSS-0956=MORDE DARK CHOCOLATE 55% (66),
22508270,Loyka,20895,#_# Grandmama's Dark Chocolate Pastry - Loyka,OUT OF SCOPE — partner brand,,,,,,,BSS-2492=DARK CHOCOLATE TIRAMISU (67) | BSS-4024=DARK CHOCOLATE MOUSSE (66) | BSS-3881=DARK CHOCOLATE NATURAL T02 TRF814 (63),
22513790,Loyka,20910,#_# Loyka Almond Brittle - No Added Sugar [Box Of 12] - Loyka,OUT OF SCOPE — partner brand,,,,,,,BSS-4393=2M DARK COMPOUND (NO ADDED SUGAR) (63) | BSS-4157=ALMOND BRITTLE FOR NATURALS 1.2 KG (RTS) - 2026 (59) | BSS-3961=STICKER - NATURAL'S ICE CREAM ALMOND BRITTLE(BOP)-2026 (56),
22514894,Loyka,20913,#_# Loyka Almond Brittle Assorted Box Of 14 - Loyka,OUT OF SCOPE — partner brand,,,,,,,MITH-ASM-18PCS=Assorted Mithai Box of 18 (65) | MITH-ASL-18PCS=Assorted Laddus Box-Box of 18 (64) | MITH-ASM-9PCS=Assorted Mithai Box of 9 (63),
22515262,Loyka,20914,#_# Loyka Almond Brittle Assorted Box Of 28 - Loyka,OUT OF SCOPE — partner brand,,,,,,,MITH-ASM-18PCS=Assorted Mithai Box of 18 (65) | MITH-ASL-18PCS=Assorted Laddus Box-Box of 18 (64) | MITH-ASM-9PCS=Assorted Mithai Box of 9 (63),
22514526,Loyka,20912,#_# Loyka Almond Brittle Assorted Box Of 8 - Loyka,OUT OF SCOPE — partner brand,,,,,,,MITH-ASM-18PCS=Assorted Mithai Box of 18 (66) | MITH-ASL-18PCS=Assorted Laddus Box-Box of 18 (65) | MITH-ASM-9PCS=Assorted Mithai Box of 9 (64),
22515630,Loyka,20915,#_# Loyka Almond Brittle Assorted Tin Box Of 17 - Loyka,OUT OF SCOPE — partner brand,,,,,,,BSS-1473=ASSORTED MITHAI - BOX OF 4 (RTS) (61) | MITH-ASM-18PCS=Assorted Mithai Box of 18 (61) | MITH-ASL-18PCS=Assorted Laddus Box-Box of 18 (61),
22515998,Loyka,20916,#_# Loyka Almond Brittle Brownie Box Of 14 - Loyka,OUT OF SCOPE — partner brand,,,,,,,BSS-3971=ALMOND BRITTLE- DINE IN CAFE (BULK) (57) | BSS-3961=STICKER - NATURAL'S ICE CREAM ALMOND BRITTLE(BOP)-2026 (56) | BSS-1825=ALMOND BRITTLE - TIRAMISU (55),
22516366,Loyka,20917,#_# Loyka Almond Brittle Coffee Box Of 14 - Loyka,OUT OF SCOPE — partner brand,,,,,,,BSS-3971=ALMOND BRITTLE- DINE IN CAFE (BULK) (57) | BSS-3961=STICKER - NATURAL'S ICE CREAM ALMOND BRITTLE(BOP)-2026 (56) | BSS-3936=ALMOND BRITTLE FOR NATURALS (56),
22517102,Loyka,20919,#_# Loyka Almond Brittle Dark Chocolate Box Of 12 - Loyka,OUT OF SCOPE — partner brand,,,,,,,BSS-4271=DARK CHOCOLATE KAJU BON BON (63) | BSS-4289=BOX - BSS INDIGO DARK CHOCOLATE KAJU BARFI BOX (2026) (61) | CHO-O-DCAB-50GM-001=Dark Chocolate Aam Bar (59),
22516734,Loyka,20918,#_# Loyka Almond Brittle Gold Box Of 14 - Loyka,OUT OF SCOPE — partner brand,,,,,,,BSS-3936=ALMOND BRITTLE FOR NATURALS (58) | MITH-1036=Doodh Boondi Laddoos Box-Box of 18 (57) | BSS-3971=ALMOND BRITTLE- DINE IN CAFE (BULK) (56),
22517472,Loyka,20920,#_# Loyka Almond Brittle Gold Box Of 28 - Loyka,OUT OF SCOPE — partner brand,,,,,,,BSS-3936=ALMOND BRITTLE FOR NATURALS (58) | MITH-1036=Doodh Boondi Laddoos Box-Box of 18 (57) | BSS-3971=ALMOND BRITTLE- DINE IN CAFE (BULK) (56),
22519313,Loyka,20925,#_# Loyka Almond Brittle Gold Box Of 4 - Loyka,OUT OF SCOPE — partner brand,,,,,,,BSS-3936=ALMOND BRITTLE FOR NATURALS (59) | BSS-3971=ALMOND BRITTLE- DINE IN CAFE (BULK) (57) | MITH-1035=Doodh Boondi Laddoos Box-Box of 9 (56),
22517840,Loyka,20921,#_# Loyka Almond Brittle Gold Box Of 8 - Loyka,OUT OF SCOPE — partner brand,,,,,,,BSS-3936=ALMOND BRITTLE FOR NATURALS (59) | MITH-1036=Doodh Boondi Laddoos Box-Box of 18 (58) | BSS-3971=ALMOND BRITTLE- DINE IN CAFE (BULK) (57),
22518208,Loyka,20922,#_# Loyka Almond Brittle Gold Tin Box Of 17 - Loyka,OUT OF SCOPE — partner brand,,,,,,,BSS-3971=ALMOND BRITTLE- DINE IN CAFE (BULK) (61) | BSS-3936=ALMOND BRITTLE FOR NATURALS (57) | BSS-4157=ALMOND BRITTLE FOR NATURALS 1.2 KG (RTS) - 2026 (56),
22518945,Loyka,20924,#_# Loyka Almond Brittle Gourmet Dates Box (100 Grams) - Loyka,OUT OF SCOPE — partner brand,,,,,,,BSS-3961=STICKER - NATURAL'S ICE CREAM ALMOND BRITTLE(BOP)-2026 (58) | BSS-3963=ALMOND BRITTLE FOR NATURALS 240 GM (RTS) - 2026 (57) | BSS-4157=ALMOND BRITTLE FOR NATURALS 1.2 KG (RTS) - 2026 (57),
22518577,Loyka,20923,#_# Loyka Almond Florentine Box Of 12 - Loyka,OUT OF SCOPE — partner brand,,,,,,,PRODUCT388485=Assorted Festive Mithai - Box of 9 (58) | BSS-2464=(GIFTING) BAND - LARGE FLORAL BOX (W/O FOILING) (56) | BSS-4282=(GIFTING) BAND - DATES BOX OF 16 (55),
22520418,Loyka,20928,#_# Loyka Elegant Tropical Box - Loyka,OUT OF SCOPE — partner brand,,,,,,,BSS-2660=VERONICAS BEAN BAG -  NOSY LUCY (55) | BSS-3320=ENVELOPE - GANPATI SPECIAL PRINT (BOURBON MODAK) (54) | Easter Treats - Box of 3=Easter Treats - Box of 3 (54),
22519681,Loyka,20926,#_# Loyka Safarnama Gift Box - Loyka,OUT OF SCOPE — partner brand,,,,,,,PKG-RED-ECOM-LRG-PCS-013=Large Red Gift Box (61) | BSS-1392=MOGRA SAFFRON BOTTLE (54) | COMB-127=Mango Mania Gift Bag (54),
22520786,Loyka,20929,#_# Loyka Select Majestic Maroon Tin - Loyka,OUT OF SCOPE — partner brand,,,,,,,BSS-2124=STICKER - SWEET VALENTINE'S HAMPER BOX (2025) (49) | BSS-0576=SEA SALT (MALDON) 1.4KG TIN (49) | BSS-1099=A/4 SHEET PROTACTOR THICK (49),
22520049,Loyka,20927,#_# Loyka Select Regal Tin Box - Loyka,OUT OF SCOPE — partner brand,,,,,,,FEST-1037=Sneaky Sweets - Valentine's Box (58) | BSS-2148=STICKER - NOT FOR RETAIL SALE (56) | BSS-1218=STICKER - SMALL BOP LABEL (53),
22505694,Loyka,20888,#_# Mango Biscoff Tub - Loyka,OUT OF SCOPE — partner brand,,,,,,,BSS-1164=BISCOFF CREME CRUNCH (59) | BSS-1329=LOTUS BISCOFF SPREAD (59) | BSS-1728=MANGO RASP DOLLY TUB (59),
22505326,Loyka,20887,#_# Mango Tres Leches - Loyka,OUT OF SCOPE — partner brand,,,,,,,BSS-1724=MATCHA TRES LECHES (80) | BSS-1446=TRES LECHES (78) | BSS-4275=CHOPPED MANGOES (68),
22509006,Loyka,20897,#_# Matilda Cake - Loyka,OUT OF SCOPE — partner brand,,,,,,,BSS-2560=MASALA COKE (69) | Milk Cake Box=Milk Cake Box (64) | BSS-1447=MALAI CREAM (60),
22509374,Loyka,20898,#_# Milk Chocolate Cake Slice - Loyka,OUT OF SCOPE — partner brand,,,,,,,BSS-1800=CHOCOLATE MILKSHAKE (72) | BSS-1629=CHOCOLATE CAKE GANACHE (72) | BSS-1630=CHOCOLATE CAKE SYRUP (71),
22503486,Loyka,20882,#_# Milk Chocolate Teddy Bear Mousse - Loyka,OUT OF SCOPE — partner brand,,,,,,,BSS-4024=DARK CHOCOLATE MOUSSE (67) | BSS-3643=CHOCOLATE BARKS WITH MORDE (65) | BSS-1800=CHOCOLATE MILKSHAKE (62),
22504590,Loyka,20885,#_# Mushroom Pie (149 Gms) - Loyka,OUT OF SCOPE — partner brand,,,,,,,BSS-3340=TRUFFLE MUSHROOM MIX (60) | BSS-3344=TAMING  THE MUSHROOM MELT (59) | BSS-3924=FRESH OYSTER MUSHROOM (58),
22513422,Loyka,20909,#_# Nutella Croissant - Loyka,OUT OF SCOPE — partner brand,,,,,,,BSS-1612=MAWA CROISSANT FRUIT CUSTARD (57) | BSS-2710=CREDIT NOTE (57) | BSS-2887=LAB COAT (56),
22503854,Loyka,20883,#_# Paneer Makhani Roll - Loyka,OUT OF SCOPE — partner brand,,,,,,,PRODUCT401239=Mango Malai Roll (68) | BSS-1677=PAV BHAJI ROLLS - BHAJI (60) | BSS-4123=PANEER 65 WRAP- MARINATION (59),
22511214,Loyka,20903,#_# Pesto & Basil Korean Cheese Garlic Bun - Loyka,OUT OF SCOPE — partner brand,,,,,,,BSS-3144=CHEESE GREATER BIG (55) | BSS-3657=CHEESECAKE SOFT SERVE BASE (54) | BSS-0989=CHEESE PARMESAN BLOCK INDIAN (53),
22508638,Loyka,20896,#_# Raspberry Cheesecake Gateaux - Loyka,OUT OF SCOPE — partner brand,,,,,,,BSS-3614=STRAWBERRY KALAKAND CHEESECAKE (72) | BSS-2056=RASPBERRY CHOCOLATE (68) | BSS-4183=MAWA MIXTURE - CHEESECAKE (62),
22510110,Loyka,20900,#_# Red Velvet Bento Cake - Loyka,OUT OF SCOPE — partner brand,,,,,,,BSS-3026=BIRTHDAY CAKE SOFT SERVE - FINISHED (55) | BSS-1325=BANDRA - CARD TENT (54) | BSS-4276=RICE SOFT SERVE BASE (53),
22504222,Loyka,20884,#_# Tandoori Chaap Roll - Loyka,OUT OF SCOPE — partner brand,,,,,,,BSS-4122=SOYA CHAAP TACOS (62) | BSS-2490=MANGO PAPDI CHAAT (55) | BSS-4388=EXTRA PINDI CHOLE (55),
22510846,Loyka,20902,#_# Tiramisu Tub - Loyka,OUT OF SCOPE — partner brand,,,,,,,BSS-1261=GLASS - TIRAMISU (61) | BSS-1824=TIRAMISU - DINE IN (57) | BSS-4274=WET TISSUE (54),
22327583,The Pink Rosette,20547,#_# Assorted Cupcakes (Box of 2) - The Pink Rosette,OUT OF SCOPE — partner brand,,,,,,,MITH-ASM-9PCS=Assorted Mithai Box of 9 (72) | MITH-ASM-18PCS=Assorted Mithai Box of 18 (70) | MITH-ASL-9PCS=Assorted Laddus Box-Box of 9 (70),
22330153,The Pink Rosette,20554,#_# Biscoff Cheesecake Cup - The Pink Rosette,OUT OF SCOPE — partner brand,,,,,,,BSS-1164=BISCOFF CREME CRUNCH (66) | BSS-1796=FRIED CHEESECAKE - BASE (65) | BSS-4046=BISCOFF CUSTARD CREAM (65),
22329418,The Pink Rosette,20552,#_# Blueberry Cheesecake Cup - The Pink Rosette,OUT OF SCOPE — partner brand,,,,,,,BSS-3566=BLUEBERRY ESSENCE (73) | BSS-1796=FRIED CHEESECAKE - BASE (62) | BSS-2443=BLUEBERRY PUREE (DIRA) (59),
22326849,The Pink Rosette,20545,#_# Chocolate Cupcake with Signature Chocolate Ganache (Box of 2) - The Pink Rosette,OUT OF SCOPE — partner brand,,,,,,,BSS-4383=CHOCOLATE PEDA WITH 2M CHOCOLATE (65) | BSS-1807=SUGARFREE CHOCOLATE COFFEE GANACHE (60) | PRODUCT194735=Cheat Sweets - Chocolate Khubani Peda Box-Box of 9 (57),
22330520,The Pink Rosette,20555,#_# Chocolate Madness - The Pink Rosette,OUT OF SCOPE — partner brand,,,,,,,BSS-1471=CHOCOLATE GANACHE (76) | BSS-3869=M & M CHOCOLATE (73) | BSS-1798=CHOCOLATE MASCARPONE MOUSSE (72),
22329785,The Pink Rosette,20553,#_# Classic Cheesecake Cup - The Pink Rosette,OUT OF SCOPE — partner brand,,,,,,,BSS-1795=FRIED CHEESECAKE (63) | BSS-4183=MAWA MIXTURE - CHEESECAKE (62) | BSS-0964=CREAM CHEESE (PLAIN) (60),
22331988,The Pink Rosette,20559,#_# Classic Tres Leches - The Pink Rosette,OUT OF SCOPE — partner brand,,,,,,,BSS-1446=TRES LECHES (73) | BSS-2256=APPLE CRUMBLE TRES LECHES (63) | BSS-2530=CHEF'S CHAI (60),
22333089,The Pink Rosette,20562,#_# Crunch Cake Tub (Bestseller) - The Pink Rosette,OUT OF SCOPE — partner brand,,,,,,,BSS-3959=DUTCH CRUNCH BREAD CAFE (BULK) (59) | BSS-3162=BREAD DUTCH CRUNCH (54) | BSS-4099=CRUNCH - DUTCH CRUNCH CAFE (BULK) (54),
22328684,The Pink Rosette,20550,#_# Dark Chocolate & Jaggery Brownie - The Pink Rosette,OUT OF SCOPE — partner brand,,,,,,,BSS-4271=DARK CHOCOLATE KAJU BON BON (70) | PRODUCT446733=Chocolate Brownie & Biscoff Fudge (68) | BSS-4270=DARK CHOCOLATE KAJU BARFI MIXTURE (66),
22328317,The Pink Rosette,20549,#_# Flourless Dark Chocolate Bar with Jaggery - The Pink Rosette,OUT OF SCOPE — partner brand,,,,,,,BSS-3643=CHOCOLATE BARKS WITH MORDE (65) | BSS-4024=DARK CHOCOLATE MOUSSE (64) | BSS-0937=DARK CHOCOLATE WITHOUT SUGAR 10 KG CB (64),
22332722,The Pink Rosette,20561,#_# Hazenut Tres Leches - The Pink Rosette,OUT OF SCOPE — partner brand,,,,,,,BSS-1446=TRES LECHES (73) | BSS-2256=APPLE CRUMBLE TRES LECHES (68) | BSS-3629=TRES LECHES - DINE IN - MONSOON (60),
22332355,The Pink Rosette,20560,#_# Mango Tres Leches - The Pink Rosette,OUT OF SCOPE — partner brand,,,,,,,BSS-1724=MATCHA TRES LECHES (80) | BSS-1446=TRES LECHES (78) | BSS-4275=CHOPPED MANGOES (68),
22331621,The Pink Rosette,20558,#_# Mango Trifle - The Pink Rosette,OUT OF SCOPE — partner brand,,,,,,,BSS-2445=MANGO RIPE (81) | BSS-2770=MANGO MILK (72) | BSS-1717=MANGO RABDI (69),
22327950,The Pink Rosette,20548,#_# Matilda's Chocolate Cake Slice - The Pink Rosette,OUT OF SCOPE — partner brand,,,,,,,BSS-1629=CHOCOLATE CAKE GANACHE (73) | BSS-1282=STICKER - CHOCOLATE FUDGE CAKE ADD ME (67) | BSS-2972=CHOCOLATE CAKE GANACHE 2025 (66),
22329051,The Pink Rosette,20551,#_# Nutella Cheesecake Cup - The Pink Rosette,OUT OF SCOPE — partner brand,,,,,,,BSS-1795=FRIED CHEESECAKE (63) | BSS-3730=KALAKAND FOR CHEESECAKE (62) | BSS-4183=MAWA MIXTURE - CHEESECAKE (62),
22330887,The Pink Rosette,20556,#_# Nutella Overload - The Pink Rosette,OUT OF SCOPE — partner brand,,,,,,,BSS-0575=NUTELLA PASTE (62) | BSS-0975=CITRONELLA OIL (53) | BSS-0577=NUTELLA COCOA SPREAD 350GM (52),
22331254,The Pink Rosette,20557,#_# Vanilla & Biscoff  - The Pink Rosette,OUT OF SCOPE — partner brand,,,,,,,BSS-4090=VANILLA I/C 2 SCOOPS (68) | BSS-0024=VANILLA BEAN (66) | BSS-1310=VANILLA POD STICK (62),
22327216,The Pink Rosette,20546,#_# Vanilla Cupcake  With Vanilla Buttercream (Box of 2) - The Pink Rosette,OUT OF SCOPE — partner brand,,,,,,,BSS-1802=STRAWBERRY BROWN BUTTER ICE CREAM SANDO (52) | BSS-2973=VANILLA MASCARPONE WHIPPED CREAM (51) | PRODUCT171750=Mulberry & Cream Shahi Bun - Box of 4 (51),