Product Code,Product Name,Inventory Name,Inventory Code,UOM,Quantity,Restorable,HSN,Tax,Veg/Non-Veg
PRD779761136,Mango Mithai Box of 3 (SLM)(BSS),Mango Mithai Box of 3 SLM BSS,SLMBSSABCD,Each,1,Yes,210690,5%,Veg
PRD314173721,Dark Chocolate Aam Bar (SLM)(BSS),Dark Chocolate Aam Bar SLM BSS,SLMBSSEFGH,Each,1,Yes,180690,5%,Veg
PRD252750015,Mango Ghevar (SLM)(BSS),Mango Ghevar SLM BSS,SLMBSSIJKL,Each,1,Yes,210690,5%,Veg
PRD044217949,Dark Chocolate Mango Toffee (SLM)(BSS),Dark Chocolate Mango Toffee SLM BSS,SLMBSSMNOP,Each,1,Yes,180690,5%,Veg
PRD848839590,Mango Matcha Rasgulla Tiramisu (SLM)(BSS),Mango Matcha Rasgulla Tiramisu SLM BSS,SLMBSSQRST,Each,1,Yes,210690,5%,Veg
PRD900146107,Mango Kalakand Cheesecake (SLM)(BSS),Mango Kalakand Cheesecake SLM BSS,SLMBSSUVMKC,Each,1,Yes,210690,5%,Veg
PRD110677333,Assorted Mithai Box of 9 (SLM)(BSS),Assorted Mithai Box of 9 SLM BSS,SLMBSSYZAB,Each,1,Yes,180690,5%,Veg
PRD214780630,Mango Mania Gift Bag (SLM)(BSS),Mango Mania Gift Bag SLM BSS,SLMBSSBCDE,Each,1,Yes,180690,5%,Veg
PRD250537937,Sweet Tooth Combo (SLM)(BSS),Sweet Tooth Combo SLM BSS,SLMBSSCDEF,Each,1,Yes,210690,5%,Veg
PRD701589281,Mango Delights Hamper (SLM)(BSS),Mango Delights Hamper SLM BSS,SLMBSSDEFG,Each,1,Yes,180690,5%,Veg
PRD519654506,Assorted Mithai Box of 18 (SLM)(BSS),Assorted Mithai Box of 18 SLM BSS,SLMBSSFGHI,Each,1,Yes,180690,5%,Veg
PRD904584609,Coffee Fudge Crunch (SLM)(BSS),Coffee Fudge Crunch SLM BSS,SLMBSSGHIJ,Each,1,Yes,180690,5%,Veg
PRD180144022,Tender Coconut Naga Chilli (SLM)(BSS),Tender Coconut Naga Chilli SLM BSS,SLMBSSHIJK,Each,1,Yes,210690,5%,Veg
PRD431779343,Assorted Mithai Box of 3 (SLM)(BSS),Assorted Mithai Box of 3 SLM BSS,SLMBSSJKLM,Each,1,Yes,210690,5%,Veg
PRD939248942,Guilt-Free Sweet Treats Box of 3 (SLM)(BSS),Guilt-Free Sweet Treats Box of 3 SLM BSS,SLMBSSKLMN,Each,1,Yes,180690,5%,Veg
PRD926635322,Mighty Motichur Laddu - Box of 9 (SLM)(BSS),Mighty Motichur Laddu - Box of 9 SLM BSS,SLMBSSLMNO,Each,1,Yes,210690,5%,Veg
PRD391168775,Guilt-Free Sweet Treats Box of 9 (SLM)(BSS),Guilt-Free Sweet Treats Box of 9 SLM BSS,SLMBSSNOPQ,Each,1,Yes,180690,5%,Veg
PRD112714338,Dark Chocolate Easter Bunny (SLM)(BSS),Dark Chocolate Easter Bunny SLM BSS,SLMBSSOPQR,Each,1,Yes,180690,5%,Veg
PRD789882943,Chocolate Khaja Chirote (SLM)(BSS),Chocolate Khaja Chirote SLM BSS,SLMBSSPQRS,Each,1,Yes,180690,5%,Veg
PRD711940518,Leezu's Dilbar - Strawberry Cheesecake Patissa (SLM)(BSS),Leezu's Dilbar - Strawberry Cheesecake Patissa SLM BSS,SLMBSSRSTU,Each,1,Yes,180690,5%,Veg
PRD584171152,Indie Bar - Coconut Caramel Patissa (SLM)(BSS),Indie Bar - Coconut Caramel Patissa SLM BSS,SLMBSSSINDB,Each,1,Yes,180690,5%,Veg
PRD240818941,Choco Kunafa Dates (SLM)(BSS),Choco Kunafa Dates SLM BSS,SLMBSSTUVW,Each,1,Yes,180690,5%,Veg
PRD030863650,Leezu's Dilbar - Strawberry Cheesecake Patissa (Pack of 3) (SLM)(BSS),Leezu's Dilbar - Strawberry Cheesecake Patissa (Pack of 3) SLM BSS,SLMBSSUVWX,Each,1,Yes,180690,5%,Veg
PRD470295379,Dubai Chocolate Kunafa Ghevar (SLM)(BSS),Dubai Chocolate Kunafa Ghevar SLM BSS,SLMBSSVWXY,Each,1,Yes,180690,5%,Veg
PRD289611547,Til Gud Barks (SLM)(BSS),Til Gud Barks SLM BSS,SLMBSSWTLG,Each,1,Yes,180690,5%,Veg
PRD452426692,Bombay's 3-Layer Chocolate Fudge - Classic (SLM)(BSS),Bombay's 3-Layer Chocolate Fudge - Classic SLM BSS,SLMBSSXYZA,Each,1,Yes,180690,5%,Veg
PRD081789604,Assorted Premium Stuffed Dates - Box of 16 (SLM)(BSS),Assorted Premium Stuffed Dates - Box of 16 SLM BSS,SLMBSSYZAPD,Each,1,Yes,180690,5%,Veg
PRD188277016,Indie Bites - 54.5% Dark Chocolate Kaju Katli (SLM)(BSS),Indie Bites - 54.5% Dark Chocolate Kaju Katli SLM BSS,SLMBSSZABC,Each,1,Yes,180690,5%,Veg
PRD298108878,Choco Butterscotch Barks (300g) In Gift Box (SLM)(BSS),Choco Butterscotch Barks (300g) In Gift Box SLM BSS,SLMBSSCBBG,Each,1,Yes,180690,5%,Veg
PRD369260086,Tiramisu Shahi Buns (SLM)(BSS),Tiramisu Shahi Buns SLM BSS,SLMBSSAXBY,Each,1,Yes,210690,5%,Veg
PRD102145780,Black Forest Kalakand Cheesecake (SLM)(BSS),Black Forest Kalakand Cheesecake SLM BSS,SLMBSSCXDY,Each,1,Yes,180690,5%,Veg
PRD869382781,Salted Caramel Rice Payesh (SLM)(BSS),Salted Caramel Rice Payesh SLM BSS,SLMBSSEXFY,Each,1,Yes,210690,5%,Veg
PRD795002745,Dark Chocolate Rasgulla Tiramisu (SLM)(BSS),Dark Chocolate Rasgulla Tiramisu SLM BSS,SLMBSSGXHY,Each,1,Yes,180690,5%,Veg
PRD591801686,Coffee Rasgulla Tiramisu (SLM)(BSS),Coffee Rasgulla Tiramisu SLM BSS,SLMBSSIXJY,Each,1,Yes,180690,5%,Veg
PRD323764465,Sheer Khurma (SLM)(BSS),Sheer Khurma SLM BSS,SLMBSSKXLY,Each,1,Yes,210690,5%,Veg
PRD400386620,Gulab Jamun (2Pcs) (SLM)(BSS),Gulab Jamun (2Pcs) SLM BSS,SLMBSSMXNY,Each,1,Yes,210690,5%,Veg
PRD036821754,Sweet Shop Kesar Rasmalai (2pcs) (SLM)(BSS),Sweet Shop Kesar Rasmalai (2pcs) SLM BSS,SLMBSSOXPY,Each,1,Yes,210690,5%,Veg
PRD352373795,Rasgulla Basundi (SLM)(BSS),Rasgulla Basundi SLM BSS,SLMBSSQXRY,Each,1,Yes,210690,5%,Veg
PRD632322963,Gajar Ka Halwa (SLM)(BSS),Gajar Ka Halwa SLM BSS,SLMBSSSXTU,Each,1,Yes,210690,5%,Veg
PRD837921344,Gulab Jamun (6pcs) (SLM)(BSS),Gulab Jamun (6pcs) SLM BSS,SLMBSSUXVY,Each,1,Yes,210690,5%,Veg
PRD119443902,Sweet Shop Kesar Rasmalai (5pcs) (SLM)(BSS),Sweet Shop Kesar Rasmalai (5pcs) SLM BSS,SLMBSSWXZY,Each,1,Yes,210690,5%,Veg
PRD512765682,Dry Fruit Ghevar with Thandai Rabdi (SLM)(BSS),Dry Fruit Ghevar with Thandai Rabdi SLM BSS,SLMBSSDFGT,Each,1,Yes,210690,5%,Veg
PRD244303221,Choco Dry Fruit Gujiya (SLM)(BSS),Choco Dry Fruit Gujiya SLM BSS,SLMBSSABEF,Each,1,Yes,180690,5%,Veg
PRD671166292,Kimchi Popped Chips (SLM)(BSS),Kimchi Popped Chips SLM BSS,SLMBSSCDGH,Each,1,Yes,210690,5%,Veg
PRD106076583,Methi Mathri (SLM)(BSS),Methi Mathri SLM BSS,SLMBSSIJKM,Each,1,Yes,210690,5%,Veg
PRD389757879,BBQ Bhujia (SLM)(BSS),BBQ Bhujia SLM BSS,SLMBSSNOPR,Each,1,Yes,210690,5%,Veg
PRD622536502,Natch Sweet & Spicy Mango Slices (SLM)(BSS),Natch Sweet & Spicy Mango Slices SLM BSS,SLMBSSSTUV,Each,1,Yes,210690,5%,Veg
PRD437085090,Guilt-Free Indulgence Box (SLM)(BSS),Guilt-Free Indulgence Box SLM BSS,SLMBSSWXYZ,Each,1,Yes,210690,5%,Veg
PRD461642090,Bombay Sweet Shop Snack Box (SLM)(BSS),Bombay Sweet Shop Snack Box SLM BSS,SLMBSSAFKP,Each,1,Yes,210690,5%,Veg
PRD605066078,Strawberry Chocolate Gift Box (SLM)(BSS),Strawberry Chocolate Gift Box SLM BSS,SLMBSSBGLQ,Each,1,Yes,180690,5%,Veg
PRD547722375,Snack Attack Gift Hamper (SLM)(BSS),Snack Attack Gift Hamper SLM BSS,SLMBSSCHMR,Each,1,Yes,210690,5%,Veg
PRD190162092,Pick-Me Up Bag (SLM)(BSS),Pick-Me Up Bag SLM BSS,SLMBSSDINS,Each,1,Yes,180690,5%,Veg
PRD615599426,Crazy About Chocolate Gift Bag (SLM)(BSS),Crazy About Chocolate Gift Bag SLM BSS,SLMBSSEJOT,Each,1,Yes,180690,5%,Veg
PRD060085229,The Chocolate Lover's Hamper (SLM)(BSS),The Chocolate Lover's Hamper SLM BSS,SLMBSSFKPU,Each,1,Yes,180690,5%,Veg
PRD677834088,Bombay Sweet Shop Care Package - With Assorted Mithai - Box of 9 (SLM)(BSS),Bombay Sweet Shop Care Package - With Assorted Mithai - Box of 9 SLM BSS,SLMBSSGLQV,Each,1,Yes,180690,5%,Veg
PRD343215022,Best Of Bombay Sweet Shop Hamper (SLM)(BSS),Best Of Bombay Sweet Shop Hamper SLM BSS,SLMBSSHMRW,Each,1,Yes,180690,5%,Veg
PRD561572182,Small Coral Gift Bag (SLM)(BSS),Small Coral Gift Bag SLM BSS,SLMBSSINSX,Each,1,Yes,481950,18%,Veg
PRD255337507,Large Green Gift Bag (SLM)(BSS),Large Green Gift Bag SLM BSS,SLMBSSJOTY,Each,1,Yes,481950,18%,Veg
PRD057904831,Chatpata Cranberry Trail Mix (SLM)(BSS),Chatpata Cranberry Trail Mix SLM BSS,SLMBSSKPUZ,Each,1,Yes,20081910,5%,Veg
PRD964828408,Pepper Almonds (SLM)(BSS),Pepper Almonds SLM BSS,SLMBSSPA,Each,1,Yes,20081930,5%,Veg
PRD987645192,Himalayan Pink Salt Cashews (SLM)(BSS),Himalayan Pink Salt Cashews SLM BSS,SLMBSSAQWS,Each,1,Yes,20081930,5%,Veg
PRD036046321,Indie Katli Bar - Coffee Dark Chocolate (SLM)(BSS),Indie Katli Bar - Coffee Dark Chocolate SLM BSS,SLMBSSZXED,Each,1,Yes,180690,5%,Veg
PRD528856546,Sweet Victory Barks Combo (SLM)(BSS),Sweet Victory Barks Combo SLM BSS,SLMBSSCRFV,Each,1,Yes,180690,5%,Veg
PRD644701005,Match Day Namkeen Combo (SLM)(BSS),Match Day Namkeen Combo SLM BSS,SLMBSSTGBY,Each,1,Yes,210690,5%,Veg
PRD460556876,Assorted Namkeen Combo (Pack of 3) (SLM)(BSS),Assorted Namkeen Combo (Pack of 3) SLM BSS,SLMBSSHNUJ,Each,1,Yes,210690,5%,Veg
PRD976956712,Indie Bar - Coconut Caramel Patissa - Pack of 3 - 10% OFF (SLM)(BSS),Indie Bar - Coconut Caramel Patissa - Pack of 3 - 10% OFF SLM BSS,SLMBSSMIKO,Each,1,Yes,180690,5%,Veg
PRD308429888,Bombay's Trail Mix - Coffee Popcorn (Pack of 3) (SLM)(BSS),Bombay's Trail Mix - Coffee Popcorn (Pack of 3) SLM BSS,SLMBSSOLPA,Each,1,Yes,210690,5%,Veg
PRD315294892,Namkeen & Choco Butterscotch Barks Combo (SLM)(BSS),Namkeen & Choco Butterscotch Barks Combo SLM BSS,SLMBSSQAZX,Each,1,Yes,180690,5%,Veg
PRD397748399,Til Gud Barks Combo (Pack of 3) (SLM)(BSS),Til Gud Barks Combo (Pack of 3) SLM BSS,SLMBSSWSXC,Each,1,Yes,180690,5%,Veg
PRD036215342,The Berry Bar Pack of 1 (SLM)(BSS),The Berry Bar Pack of 1 SLM BSS,SLMBSSEDCV,Each,1,Yes,210690,5%,Veg
PRD369282130,The Berry Bar Pack of 3 (SLM)(BSS),The Berry Bar Pack of 3 SLM BSS,SLMBSSRFVB,Each,1,Yes,210690,5%,Veg
PRD082494129,Berry Caramel Toffee Pack of 3 (SLM)(BSS),Berry Caramel Toffee Pack of 3 SLM BSS,SLMBSSTGNB,Each,1,Yes,210690,5%,Veg
PRD623279265,Berry Caramel Toffee Pack of 1 (SLM)(BSS),Berry Caramel Toffee Pack of 1 SLM BSS,SLMBSSYHNM,Each,1,Yes,210690,5%,Veg
PRD167585727,Choco Butterscotch Barks 200g (SLM)(BSS),Choco Butterscotch Barks 200g SLM BSS,SLMBSSUJMI,Each,1,Yes,210690,5%,Veg
PRD468627821,Choco Butterscotch Barks Combo Pack of 3 (200g) - 10% OFF (SLM)(BSS),Choco Butterscotch Barks Combo Pack of 3 (200g) - 10% OFF SLM BSS,SLMBSSIKOL,Each,1,Yes,210690,5%,Veg
PRD570170371,Choco Butterscotch Barks 95g (SLM)(BSS),Choco Butterscotch Barks 95g SLM BSS,SLMBSSPLMK,Each,1,Yes,210690,5%,Veg
PRD829408288,Choco Butterscotch Barks Combo Pack of 3 (95g) - 10% OFF (SLM)(BSS),Choco Butterscotch Barks Combo Pack of 3 (95g) - 10% OFF SLM BSS,SLMBSSABMN,Each,1,Yes,210690,5%,Veg
PRD609670801,Strawberry Choco Barks Pack of 1 (SLM)(BSS),Strawberry Choco Barks Pack of 1 SLM BSS,SLMBSSCDOP,Each,1,Yes,210690,5%,Veg
PRD418857439,Bombay Corn Chivda (200g) Pack of 1 (SLM)(BSS),Bombay Corn Chivda (200g) Pack of 1 SLM BSS,SLMBSSEFQR,Each,1,Yes,210690,5%,Veg
PRD787533694,Ghee Roast Bhujia - The World's Best Chakna Pack of 1 (SLM)(BSS),Ghee Roast Bhujia - The World's Best Chakna Pack of 1 SLM BSS,SLMBSSGHST,Each,1,Yes,210690,5%,Veg
PRD419275613,Tom Yum Makhana Mix Pack of 1 (60g) (SLM)(BSS),Tom Yum Makhana Mix Pack of 1 (60g) SLM BSS,SLMBSSIJUV,Each,1,Yes,210690,5%,Veg
PRD840248937,Bombay Corn Chivda Pack of 1 (70g) (SLM)(BSS),Bombay Corn Chivda Pack of 1 (70g) SLM BSS,SLMBSSKLWX,Each,1,Yes,210690,5%,Veg
PRD617949285,Bhakarwadi Dates Kachori Pack of 1 (SLM)(BSS),Bhakarwadi Dates Kachori Pack of 1 SLM BSS,SLMBSSMNXY,Each,1,Yes,210690,5%,Veg
PRD295232012,Chilli Cheese Bhujia 90g - Mini Pack (SLM)(BSS),Chilli Cheese Bhujia 90g - Mini Pack SLM BSS,SLMBSSOPZA,Each,1,Yes,210690,5%,Veg
PRD762269171,Chilli Cheese Bhujia 225g (SLM)(BSS),Chilli Cheese Bhujia 225g SLM BSS,SLMBSSCCB,Each,1,Yes,210690,5%,Veg
PRD742140938,Chilli Cheese Bhujia Combo Pack of 3 (90g) - 10% OFF (SLM)(BSS),Chilli Cheese Bhujia Combo Pack of 3 (90g) - 10% OFF SLM BSS,SLMBSSUVAB,Each,1,Yes,210690,5%,Veg
PRD245466729,Chilli Cheese Bhujia Combo Pack of 3 (225g) - 10% OFF (SLM)(BSS),Chilli Cheese Bhujia Combo Pack of 3 (225g) - 10% OFF SLM BSS,SLMBSSCXBCP,Each,1,Yes,210690,5%,Veg
PRD071524429,Peri Peri Potato Salli 90g - Mini Pack (SLM)(BSS),Peri Peri Potato Salli 90g - Mini Pack SLM BSS,SLMBSSXYCD,Each,1,Yes,210690,5%,Veg
PRD841973316,Peri Peri Potato Salli 225g (SLM)(BSS),Peri Peri Potato Salli 225g SLM BSS,SLMBSSYZEF,Each,1,Yes,210690,5%,Veg
PRD013298368,Peri Peri Potato Salli Combo Pack of 3 (90g) - 10% OFF (SLM)(BSS),Peri Peri Potato Salli Combo Pack of 3 (90g) - 10% OFF SLM BSS,SLMBSSZAGH,Each,1,Yes,210690,5%,Veg
PRD532876810,Peri Peri Potato Salli Combo Pack of 3 (225g) - 10% OFF (SLM)(BSS),Peri Peri Potato Salli Combo Pack of 3 (225g) - 10% OFF SLM BSS,SLMBSSABWX,Each,1,Yes,210690,5%,Veg
PRD530886751,Roasted Makhana & Peanut Til Chikki 50g (SLM)(BSS),Roasted Makhana & Peanut Til Chikki 50g SLM BSS,SLMBSSCDYZ,Each,1,Yes,210690,5%,Veg
PRD004952775,Roasted Makhana & Peanut Til Chikki 100g (SLM)(BSS),Roasted Makhana & Peanut Til Chikki 100g SLM BSS,SLMBSSEFAB,Each,1,Yes,210690,5%,Veg
PRD086215119,Roasted Makhana & Peanut Til Chikki Combo Pack of 3 (50g) - 10% OFF (SLM)(BSS),Roasted Makhana & Peanut Til Chikki Combo Pack of 3 (50g) - 10% OFF SLM BSS,SLMBSSGHCD,Each,1,Yes,210690,5%,Veg
PRD762132044,Roasted Makhana & Peanut Til Chikki Combo Pack of 3 (100g) - 10% OFF (SLM)(BSS),Roasted Makhana & Peanut Til Chikki Combo Pack of 3 (100g) - 10% OFF SLM BSS,SLMBSSIJEF,Each,1,Yes,210690,5%,Veg
PRD880520498,Bombay Bhel Chikki Bombay Bhel Mini Chikki (45g) (SLM)(BSS),Bombay Bhel Chikki Bombay Bhel Mini Chikki (45g) SLM BSS,SLMBSSKLGH,Each,1,Yes,210690,5%,Veg
PRD597188154,Bombay Bhel Chikki Bombay Bhel Large Chikki (90g) (SLM)(BSS),Bombay Bhel Chikki Bombay Bhel Large Chikki (90g) SLM BSS,SLMBSSMNIJ,Each,1,Yes,210690,5%,Veg
PRD610826052,Bombay Bhel Chikki Combo Pack of 3 (45g) - 10% OFF (SLM)(BSS),Bombay Bhel Chikki Combo Pack of 3 (45g) - 10% OFF SLM BSS,SLMBSSOPKL,Each,1,Yes,210690,5%,Veg
PRD967341905,Bombay Bhel Chikki Combo Pack of 3 (90g) - 10% OFF (SLM)(BSS),Bombay Bhel Chikki Combo Pack of 3 (90g) - 10% OFF SLM BSS,SLMBSSQRMN,Each,1,Yes,210690,5%,Veg
PRD200405658,Super Crunch Chikki Super Crunch Chikki Mini (45g) (SLM)(BSS),Super Crunch Chikki Super Crunch Chikki Mini (45g) SLM BSS,SLMBSSSTOP,Each,1,Yes,210690,5%,Veg
PRD030230747,Super Crunch Chikki Super Crunch Chikki Large (90g) (SLM)(BSS),Super Crunch Chikki Super Crunch Chikki Large (90g) SLM BSS,SLMBSSUVQR,Each,1,Yes,210690,5%,Veg
PRD863983112,Super Crunch Chikki Combo Pack of 3 (45g) - 10% OFF (SLM)(BSS),Super Crunch Chikki Combo Pack of 3 (45g) - 10% OFF SLM BSS,SLMBSSWXST,Each,1,Yes,210690,5%,Veg
PRD114973241,Super Crunch Chikki Combo Pack of 3 (90g) - 10% OFF (SLM)(BSS),Super Crunch Chikki Combo Pack of 3 (90g) - 10% OFF SLM BSS,SLMBSSYZUV,Each,1,Yes,210690,5%,Veg
PRD386066268,Indian Cookies Pack of 1 (SLM)(BSS),Indian Cookies Pack of 1 SLM BSS,SLMBSSQWER,Each,1,Yes,210690,5%,Veg
PRD379213172,Chocolate Butter Cookies Pack of 1 (SLM)(BSS),Chocolate Butter Cookies Pack of 1 SLM BSS,SLMBSSTYUI,Each,1,Yes,210690,5%,Veg
PRD518213350,Bombay's Trail Mix - Popcorn Coffee Mix Pack of 1 (SLM)(BSS),Bombay's Trail Mix - Popcorn Coffee Mix Pack of 1 SLM BSS,SLMBSSOPAS,Each,1,Yes,210690,5%,Veg
PRD216444292,Assorted Chikki Combo Mini Packs (SLM)(BSS),Assorted Chikki Combo Mini Packs SLM BSS,SLMBSSDFGH,Each,1,Yes,210690,5%,Veg
PRD086172516,Choco Butterscotch Barks Combo Pack of 3 (95g) (SLM)(BSS),Choco Butterscotch Barks Combo Pack of 3 (95g) SLM BSS,SLMBSSJKLZ,Each,1,Yes,210690,5%,Veg
PRD712355735,Strawberry Choco Barks Pack of 3 (SLM)(BSS),Strawberry Choco Barks Pack of 3 SLM BSS,SLMBSSXCVB,Each,1,Yes,210690,5%,Veg
PRD113920246,Bombay Corn Chivda (200g) Combo Pack of 3 - 10% OFF (SLM)(BSS),Bombay Corn Chivda (200g) Combo Pack of 3 - 10% OFF SLM BSS,SLMBSSNMKL,Each,1,Yes,210690,5%,Veg
PRD184785420,Ghee Roast Bhujia - The World's Best Chakna Combo Pack of 3 - 10% OFF (SLM)(BSS),Ghee Roast Bhujia - The World's Best Chakna Combo Pack of 3 - 10% OFF SLM BSS,SLMBSSPOIU,Each,1,Yes,210690,5%,Veg
PRD771422401,Tom Yum Makhana Mix Pack of 3 - 10% OFF (SLM)(BSS),Tom Yum Makhana Mix Pack of 3 - 10% OFF SLM BSS,SLMBSSYTRE,Each,1,Yes,210690,5%,Veg
PRD220552251,Bombay Corn Chivda Combo Pack of 3 (70g) - 10% OFF (SLM)(BSS),Bombay Corn Chivda Combo Pack of 3 (70g) - 10% OFF SLM BSS,SLMBSSWQAS,Each,1,Yes,210690,5%,Veg
PRD009495599,Bhakarwadi Dates Kachori Pack of 3 (SLM)(BSS),Bhakarwadi Dates Kachori Pack of 3 SLM BSS,SLMBSSZXCV,Each,1,Yes,210690,5%,Veg
PRD255421024,Indian Cookies Combo Pack of 3 - 10% OFF (SLM)(BSS),Indian Cookies Combo Pack of 3 - 10% OFF SLM BSS,SLMBSSBNML,Each,1,Yes,210690,5%,Veg
PRD074129530,Chocolate Butter Cookies Combo Pack of 3 - 10% OFF (SLM)(BSS),Chocolate Butter Cookies Combo Pack of 3 - 10% OFF SLM BSS,SLMBSSLKJH,Each,1,Yes,210690,5%,Veg
PRD149400328,Bombay's Trail Mix - Popcorn Coffee Mix Pack of 3 (SLM)(BSS),Bombay's Trail Mix - Popcorn Coffee Mix Pack of 3 SLM BSS,SLMBSSGFDS,Each,1,Yes,210690,5%,Veg
PRD365035868,Assorted Chikki Combo Large Packs (SLM)(BSS),Assorted Chikki Combo Large Packs SLM BSS,SLMBSSAPOI,Each,1,Yes,210690,5%,Veg
PRD572405781,Choco Butterscotch Barks Combo Pack of 3 (200g) (SLM)(BSS),Choco Butterscotch Barks Combo Pack of 3 (200g) SLM BSS,SLMBSSUYTRE,Each,1,Yes,210690,5%,Veg
PRD663563025,Biscoff Banoffee Pudding (SLM)(BSS),Biscoff Banoffee Pudding SLM BSS,SLMBSSBBPB,Each,1,Yes,180690,5%,Veg
PRD562468691,Aamras Passion Fruit Lassi (SLM)(BSS),Aamras Passion Fruit Lassi SLM BSS,SLMBSSAPFL,Each,,,,,